dataset,method,K,d,alg,time,ARI,NMI,ACC
digits,LS-GSP,5,1,KM,0.7757503986358643,0.7192745224831706,0.8015189662012809,0.8291597106288259
digits,LS-GSP,5,1,AGG,0.7757503986358643,0.8030712259718134,0.88502674509261,0.8414023372287145
digits,LS-GSP,5,1,DPC,0.7757503986358643,0.4204403621975782,0.6928112431739034,0.6037840845854201
digits,LS-GSP,5,2,KM,0.7757503986358643,0.7266556311618785,0.8106925106643984,0.8302726766833611
digits,LS-GSP,5,2,AGG,0.7757503986358643,0.7898513022085696,0.8706411058842547,0.8302726766833611
digits,LS-GSP,5,2,DPC,0.7757503986358643,0.6211396007728408,0.7599503431625216,0.7445742904841403
digits,LS-GSP,5,3,KM,0.7757503986358643,0.7343014694792404,0.8177856434511326,0.8330550918196995
digits,LS-GSP,5,3,AGG,0.7757503986358643,0.7933977852334134,0.8691099055378473,0.8441847523650529
digits,LS-GSP,5,3,DPC,0.7757503986358643,0.6657782893402618,0.810518339301716,0.7757373400111297
digits,LS-GSP,5,4,KM,0.7757503986358643,0.7361551644509192,0.8216266797534038,0.8336115748469671
digits,LS-GSP,5,4,AGG,0.7757503986358643,0.7985951293210529,0.8753691674642737,0.8464106844741235
digits,LS-GSP,5,4,DPC,0.7757503986358643,0.8064239777669275,0.8665384792030119,0.864218141346689
digits,LS-GSP,5,5,KM,0.7757503986358643,0.736803962556564,0.8188461619430264,0.8336115748469671
digits,LS-GSP,5,5,AGG,0.7757503986358643,0.7999573802190058,0.875911453715484,0.8491930996104619
digits,LS-GSP,5,5,DPC,0.7757503986358643,0.8146558588493922,0.8800897690698932,0.8775737340011129
digits,LS-GSP,5,6,KM,0.7757503986358643,0.7234695181568668,0.8087034016066914,0.8274902615470228
digits,LS-GSP,5,6,AGG,0.7757503986358643,0.7963832875985486,0.8707658845320149,0.8491930996104619
digits,LS-GSP,5,6,DPC,0.7757503986358643,0.8022740722483594,0.874385012302096,0.8775737340011129
digits,LS-GSP,5,8,KM,0.7757503986358643,0.7275985551453652,0.8182095983198878,0.8286032276015581
digits,LS-GSP,5,8,AGG,0.7757503986358643,0.8059776941339074,0.8805793453807425,0.8503060656649972
digits,LS-GSP,5,8,DPC,0.7757503986358643,0.8146558588493922,0.8800897690698932,0.8775737340011129
digits,LS-GSP,5,10,KM,0.7757503986358643,0.7367609648389173,0.8319881640605609,0.8180300500834724
digits,LS-GSP,5,10,AGG,0.7757503986358643,0.8059776941339074,0.8805793453807425,0.8503060656649972
digits,LS-GSP,5,10,DPC,0.7757503986358643,0.8146558588493922,0.8800897690698932,0.8775737340011129
digits,LS-GSP,10,1,KM,0.6362106800079346,0.7163481257957277,0.7956695737749105,0.8252643294379521
digits,LS-GSP,10,1,AGG,0.6362106800079346,0.7679121023727725,0.8540061228438655,0.8224819143016138
digits,LS-GSP,10,1,DPC,0.6362106800079346,0.5189138790558487,0.682192027132512,0.6093489148580968
digits,LS-GSP,10,2,KM,0.6362106800079346,0.7355378841955996,0.816715121658999,0.8358375069560379
digits,LS-GSP,10,2,AGG,0.6362106800079346,0.792972316336149,0.8741239176802247,0.8341680578742349
digits,LS-GSP,10,2,DPC,0.6362106800079346,0.5525826434993061,0.7633395789717777,0.669449081803005
digits,LS-GSP,10,3,KM,0.6362106800079346,0.7376590879144813,0.8211767376365225,0.8363939899833055
digits,LS-GSP,10,3,AGG,0.6362106800079346,0.7874412129996873,0.8622963899541259,0.8397328881469115
digits,LS-GSP,10,3,DPC,0.6362106800079346,0.6685728529531447,0.8367433952951904,0.7885364496382861
digits,LS-GSP,10,4,KM,0.6362106800079346,0.7502607444071827,0.8274799671239838,0.8430717863105175
digits,LS-GSP,10,4,AGG,0.6362106800079346,0.7925755073183467,0.8682772293823066,0.8441847523650529
digits,LS-GSP,10,4,DPC,0.6362106800079346,0.5976533446253529,0.79443148694844,0.6883695047301057
digits,LS-GSP,10,5,KM,0.6362106800079346,0.7610359947261672,0.8445110844839859,0.8280467445742905
digits,LS-GSP,10,5,AGG,0.6362106800079346,0.7925755073183467,0.8682772293823066,0.8441847523650529
digits,LS-GSP,10,5,DPC,0.6362106800079346,0.7381755198001341,0.8360907430787639,0.8107957707289928
digits,LS-GSP,10,6,KM,0.6362106800079346,0.7610359947261672,0.8445110844839858,0.8280467445742905
digits,LS-GSP,10,6,AGG,0.6362106800079346,0.7925755073183467,0.8682772293823066,0.8441847523650529
digits,LS-GSP,10,6,DPC,0.6362106800079346,0.7401588652703703,0.8368230663635301,0.8180300500834724
digits,LS-GSP,10,8,KM,0.6362106800079346,0.7750904104030455,0.8545611886887539,0.8336115748469671
digits,LS-GSP,10,8,AGG,0.6362106800079346,0.7925755073183467,0.8682772293823066,0.8441847523650529
digits,LS-GSP,10,8,DPC,0.6362106800079346,0.7277009576789996,0.8262848983436252,0.8113522537562604
digits,LS-GSP,10,10,KM,0.6362106800079346,0.7750904104030455,0.854561188688754,0.8336115748469671
digits,LS-GSP,10,10,AGG,0.6362106800079346,0.7925755073183467,0.8682772293823066,0.8441847523650529
digits,LS-GSP,10,10,DPC,0.6362106800079346,0.7401588652703703,0.8368230663635301,0.8180300500834724
digits,LS-GSP,15,1,KM,0.8672611713409424,0.7259461567686184,0.8042003693174791,0.8319421257651641
digits,LS-GSP,15,1,AGG,0.8672611713409424,0.7623300783447402,0.8431694888925606,0.8286032276015581
digits,LS-GSP,15,1,DPC,0.8672611713409424,0.3441570450554344,0.5581178000592287,0.5208681135225376
digits,LS-GSP,15,2,KM,0.8672611713409424,0.7307315642820453,0.8140088064188525,0.8347245409015025
digits,LS-GSP,15,2,AGG,0.8672611713409424,0.7690355033797117,0.8467661593816688,0.8297161936560935
digits,LS-GSP,15,2,DPC,0.8672611713409424,0.556277005709838,0.7576116318984668,0.6510851419031719
digits,LS-GSP,15,3,KM,0.8672611713409424,0.7267221533241425,0.8128460073599966,0.8302726766833611
digits,LS-GSP,15,3,AGG,0.8672611713409424,0.7790952882829888,0.8517584839530711,0.8347245409015025
digits,LS-GSP,15,3,DPC,0.8672611713409424,0.5907820447918053,0.7802851533358823,0.7351140790205899
digits,LS-GSP,15,4,KM,0.8672611713409424,0.7624442045102121,0.8441529364108386,0.8274902615470228
digits,LS-GSP,15,4,AGG,0.8672611713409424,0.786045351057994,0.8577186798972177,0.8363939899833055
digits,LS-GSP,15,4,DPC,0.8672611713409424,0.7971945653099495,0.860268690824337,0.8809126321647189
digits,LS-GSP,15,5,KM,0.8672611713409424,0.7661301832386175,0.8466192221783049,0.8291597106288259
digits,LS-GSP,15,5,AGG,0.8672611713409424,0.7862630779259077,0.8574721252929528,0.8369504730105731
digits,LS-GSP,15,5,DPC,0.8672611713409424,0.8075628895946626,0.867722294005065,0.8864774624373957
digits,LS-GSP,15,6,KM,0.8672611713409424,0.7484905181732273,0.8389861035263224,0.8219254312743461
digits,LS-GSP,15,6,AGG,0.8672611713409424,0.7862630779259077,0.8574721252929528,0.8369504730105731
digits,LS-GSP,15,6,DPC,0.8672611713409424,0.8075628895946626,0.867722294005065,0.8864774624373957
digits,LS-GSP,15,8,KM,0.8672611713409424,0.678867986389961,0.7970516980764177,0.755147468002226
digits,LS-GSP,15,8,AGG,0.8672611713409424,0.7862630779259077,0.8574721252929528,0.8369504730105731
digits,LS-GSP,15,8,DPC,0.8672611713409424,0.8075628895946626,0.867722294005065,0.8864774624373957
digits,LS-GSP,15,10,KM,0.8672611713409424,0.7689795995412011,0.8479874846279122,0.8302726766833611
digits,LS-GSP,15,10,AGG,0.8672611713409424,0.7862630779259077,0.8574721252929529,0.8369504730105731
digits,LS-GSP,15,10,DPC,0.8672611713409424,0.8075628895946626,0.867722294005065,0.8864774624373957
digits,LS-GSP,20,1,KM,0.7531030178070068,0.7180320298786964,0.7941633225408145,0.8269337785197551
digits,LS-GSP,20,1,AGG,0.7531030178070068,0.7759513340858284,0.8538653778926755,0.8241513633834168
digits,LS-GSP,20,1,DPC,0.7531030178070068,0.41623858357402704,0.6041412614165106,0.5748469671675014
digits,LS-GSP,20,2,KM,0.7531030178070068,0.7284146194982555,0.8080339083412021,0.8330550918196995
digits,LS-GSP,20,2,AGG,0.7531030178070068,0.7836396619955279,0.8525914694276447,0.8358375069560379
digits,LS-GSP,20,2,DPC,0.7531030178070068,0.6212991128743456,0.7629315891843641,0.7345575959933222
digits,LS-GSP,20,3,KM,0.7531030178070068,0.7435462747148535,0.8186587540561002,0.8391764051196439
digits,LS-GSP,20,3,AGG,0.7531030178070068,0.7837772959268364,0.853006402839236,0.8363939899833055
digits,LS-GSP,20,3,DPC,0.7531030178070068,0.7028932655386976,0.8221654976782621,0.7929883138564274
digits,LS-GSP,20,4,KM,0.7531030178070068,0.7609990371762754,0.841190974908671,0.8274902615470228
digits,LS-GSP,20,4,AGG,0.7531030178070068,0.784547989604399,0.8536443522500586,0.8369504730105731
digits,LS-GSP,20,4,DPC,0.7531030178070068,0.8100402995556735,0.8661361702960855,0.8870339454646633
digits,LS-GSP,20,5,KM,0.7531030178070068,0.7656192722035753,0.8441303187049235,0.8297161936560935
digits,LS-GSP,20,5,AGG,0.7531030178070068,0.7858323406269359,0.855006340558044,0.8375069560378409
digits,LS-GSP,20,5,DPC,0.7531030178070068,0.811142043141893,0.8669332400495029,0.887590428491931
digits,LS-GSP,20,6,KM,0.7531030178070068,0.7505459573951505,0.8375406053223029,0.8235948803561491
digits,LS-GSP,20,6,AGG,0.7531030178070068,0.7858323406269359,0.855006340558044,0.8375069560378409
digits,LS-GSP,20,6,DPC,0.7531030178070068,0.8100990478963869,0.8659149019482103,0.8870339454646633
digits,LS-GSP,20,8,KM,0.7531030178070068,0.7353575497502417,0.81953333220699,0.8308291597106289
digits,LS-GSP,20,8,AGG,0.7531030178070068,0.7858323406269359,0.855006340558044,0.8375069560378409
digits,LS-GSP,20,8,DPC,0.7531030178070068,0.7400441198439821,0.8326749723245357,0.8252643294379521
digits,LS-GSP,20,10,KM,0.7531030178070068,0.7430815498527958,0.8244532511519295,0.8419588202559822
digits,LS-GSP,20,10,AGG,0.7531030178070068,0.7858323406269359,0.855006340558044,0.8375069560378409
digits,LS-GSP,20,10,DPC,0.7531030178070068,0.6618172094931284,0.7961501348264559,0.7445742904841403
digits,LS-GSP,25,1,KM,0.8142523765563965,0.7203705789106039,0.7955720122532449,0.8286032276015581
digits,LS-GSP,25,1,AGG,0.8142523765563965,0.7836758071720946,0.8538694730665815,0.8363939899833055
digits,LS-GSP,25,1,DPC,0.8142523765563965,0.3737748318330487,0.5346425359938297,0.4991652754590985
digits,LS-GSP,25,2,KM,0.8142523765563965,0.7326474057394078,0.8095849472382697,0.8341680578742349
digits,LS-GSP,25,2,AGG,0.8142523765563965,0.77023057297435,0.8456551479269676,0.8324986087924319
digits,LS-GSP,25,2,DPC,0.8142523765563965,0.5897391074904603,0.7612694470281125,0.7145242070116862
digits,LS-GSP,25,3,KM,0.8142523765563965,0.7583570682595109,0.8387287410874468,0.8252643294379521
digits,LS-GSP,25,3,AGG,0.8142523765563965,0.7840633058208377,0.8530853344807585,0.8369504730105731
digits,LS-GSP,25,3,DPC,0.8142523765563965,0.8029279919742245,0.8596991829880761,0.8831385642737897
digits,LS-GSP,25,4,KM,0.8142523765563965,0.7611597840287025,0.8406102176427344,0.8274902615470228
digits,LS-GSP,25,4,AGG,0.8142523765563965,0.7810919445786374,0.8519686759032359,0.8352810239287701
digits,LS-GSP,25,4,DPC,0.8142523765563965,0.7270611495555427,0.8283396527445572,0.8486366165831942
digits,LS-GSP,25,5,KM,0.8142523765563965,0.7757835134424492,0.8484983716089787,0.8330550918196995
digits,LS-GSP,25,5,AGG,0.8142523765563965,0.7803235760592208,0.8513033386314512,0.8347245409015025
digits,LS-GSP,25,5,DPC,0.8142523765563965,0.7381678807518167,0.8305466523313766,0.8247078464106845
digits,LS-GSP,25,6,KM,0.8142523765563965,0.7803235760592208,0.8513033386314512,0.8347245409015025
digits,LS-GSP,25,6,AGG,0.8142523765563965,0.7803235760592208,0.8513033386314512,0.8347245409015025
digits,LS-GSP,25,6,DPC,0.8142523765563965,0.7381678807518167,0.8305466523313767,0.8247078464106845
digits,LS-GSP,25,8,KM,0.8142523765563965,0.7803235760592208,0.851303338631451,0.8347245409015025
digits,LS-GSP,25,8,AGG,0.8142523765563965,0.7803235760592208,0.8513033386314512,0.8347245409015025
digits,LS-GSP,25,8,DPC,0.8142523765563965,0.6097240723142567,0.7989368545367975,0.6894824707846411
digits,LS-GSP,25,10,KM,0.8142523765563965,0.7913113501360635,0.8465834644218267,0.8708959376739009
digits,LS-GSP,25,10,AGG,0.8142523765563965,0.7803235760592208,0.8513033386314512,0.8347245409015025
digits,LS-GSP,25,10,DPC,0.8142523765563965,0.6048934155982719,0.7789036391814678,0.6967167501391207
digits,LS-GSP,30,1,KM,1.0327448844909668,0.7096050796323864,0.7876814638551444,0.8224819143016138
digits,LS-GSP,30,1,AGG,1.0327448844909668,0.7811315398721476,0.8505065470027234,0.8352810239287701
digits,LS-GSP,30,1,DPC,1.0327448844909668,0.29449658534831963,0.48334665159023826,0.4757929883138564
digits,LS-GSP,30,2,KM,1.0327448844909668,0.7390382434892604,0.8219574956451554,0.8141346688925988
digits,LS-GSP,30,2,AGG,1.0327448844909668,0.7764407987954096,0.8475592609353527,0.8324986087924319
digits,LS-GSP,30,2,DPC,1.0327448844909668,0.6986664591869907,0.803254039683528,0.7740678909293267
digits,LS-GSP,30,3,KM,1.0327448844909668,0.7559705258674295,0.8369901035923449,0.8235948803561491
digits,LS-GSP,30,3,AGG,1.0327448844909668,0.784377026484675,0.8527520566309418,0.8369504730105731
digits,LS-GSP,30,3,DPC,1.0327448844909668,0.7982808483139392,0.8564820813711029,0.8809126321647189
digits,LS-GSP,30,4,KM,1.0327448844909668,0.7655058348241108,0.8421329112586111,0.8286032276015581
digits,LS-GSP,30,4,AGG,1.0327448844909668,0.7788620239340723,0.8496685352684199,0.8336115748469671
digits,LS-GSP,30,4,DPC,1.0327448844909668,0.7386119420732631,0.8307976905396951,0.8269337785197551
digits,LS-GSP,30,5,KM,1.0327448844909668,0.7765882795456431,0.8480792358606191,0.8324986087924319
digits,LS-GSP,30,5,AGG,1.0327448844909668,0.7781081237166174,0.8490603167535443,0.8330550918196995
digits,LS-GSP,30,5,DPC,1.0327448844909668,0.6796351300458534,0.7973802682937693,0.7824151363383417
digits,LS-GSP,30,6,KM,1.0327448844909668,0.7781081237166174,0.8490603167535442,0.8330550918196995
digits,LS-GSP,30,6,AGG,1.0327448844909668,0.7781081237166174,0.8490603167535443,0.8330550918196995
digits,LS-GSP,30,6,DPC,1.0327448844909668,0.6050754455596209,0.778111416034611,0.7000556483027268
digits,LS-GSP,30,8,KM,1.0327448844909668,0.7781081237166174,0.8490603167535444,0.8330550918196995
digits,LS-GSP,30,8,AGG,1.0327448844909668,0.7781081237166174,0.8490603167535443,0.8330550918196995
digits,LS-GSP,30,8,DPC,1.0327448844909668,0.6049190644695224,0.7780757738677867,0.6978297161936561
digits,LS-GSP,30,10,KM,1.0327448844909668,0.7388942248341361,0.8204024248101759,0.8391764051196439
digits,LS-GSP,30,10,AGG,1.0327448844909668,0.7781081237166174,0.8490603167535443,0.8330550918196995
digits,LS-GSP,30,10,DPC,1.0327448844909668,0.6407683074599975,0.790452455157077,0.7451307735114079
