data,m,seed,method,alg,ARI,NMI,ACC
Synthetic,0,0,Raw,KM,0.968029194873628,0.957639558994703,0.986
Synthetic,0,0,Raw,AGG,0.9676938156754414,0.9626707069091159,0.986
Synthetic,0,0,Raw,DPC,0.9817963330664659,0.97421827369851,0.992
Synthetic,0,0,HIBOG,KM,0.9760633666714824,0.9687591218881234,0.99
Synthetic,0,0,HIBOG,AGG,0.9760633666714824,0.9687591218881234,0.99
Synthetic,0,0,HIBOG,DPC,0.9760633666714824,0.9687591218881234,0.99
Synthetic,0,0,HIACSP,KM,0.9760633666714824,0.9687591218881234,0.99
Synthetic,0,0,HIACSP,AGG,0.9760633666714824,0.9687591218881234,0.99
Synthetic,0,0,HIACSP,DPC,0.9760633666714824,0.9687591218881234,0.99
Synthetic,0,0,HIACSP-WF,KM,0.9770110727919133,0.9690005663713823,0.99
Synthetic,0,0,HIACSP-WF,AGG,0.9770110727919133,0.9690005663713823,0.99
Synthetic,0,0,HIACSP-WF,DPC,0.9770110727919133,0.9690005663713823,0.99
Synthetic,0,0,SEW-GSP,KM,0.9754965320079704,0.9686190898639524,0.99
Synthetic,0,0,SEW-GSP,AGG,0.9754965320079704,0.9686190898639524,0.99
Synthetic,0,0,SEW-GSP,DPC,0.9754965320079704,0.9686190898639524,0.99
Synthetic,5,0,Raw,KM,0.3464373810801012,0.4393345443194742,0.562
Synthetic,5,0,Raw,AGG,0.44069716104344864,0.5355112607911061,0.652
Synthetic,5,0,Raw,DPC,0.07021612189285983,0.1837404275141653,0.406
Synthetic,5,0,HIBOG,KM,0.5675088474437199,0.6602646881047204,0.674
Synthetic,5,0,HIBOG,AGG,0.5726493634898593,0.663118611619645,0.694
Synthetic,5,0,HIBOG,DPC,0.43837227523906763,0.5449372386697237,0.674
Synthetic,5,0,HIACSP,KM,0.5347261147625225,0.584795100857211,0.724
Synthetic,5,0,HIACSP,AGG,0.497508467749655,0.557929434911184,0.688
Synthetic,5,0,HIACSP,DPC,0.3094019031431222,0.4938631226876835,0.534
Synthetic,5,0,HIACSP-WF,KM,0.05443669426585399,0.08758492260113582,0.314
Synthetic,5,0,HIACSP-WF,AGG,0.1265306060320207,0.2154645803164772,0.388
Synthetic,5,0,HIACSP-WF,DPC,0.036672605154769077,0.09973671304043916,0.294
Synthetic,5,0,SEW-GSP,KM,0.9536087200173596,0.9408930464741048,0.98
Synthetic,5,0,SEW-GSP,AGG,0.9536087200173596,0.9408930464741045,0.98
Synthetic,5,0,SEW-GSP,DPC,0.9536087200173596,0.9408930464741047,0.98
Synthetic,10,0,Raw,KM,0.32378540183921867,0.40396965740075874,0.548
Synthetic,10,0,Raw,AGG,0.09730344278041433,0.16896304355155867,0.392
Synthetic,10,0,Raw,DPC,0.043388644089017485,0.08624632512932456,0.312
Synthetic,10,0,HIBOG,KM,0.34067017860706283,0.40620411993652017,0.558
Synthetic,10,0,HIBOG,AGG,0.32826826792090297,0.37879992372575544,0.556
Synthetic,10,0,HIBOG,DPC,0.26111818666778336,0.3529082375196966,0.54
Synthetic,10,0,HIACSP,KM,0.3672756860289597,0.43563665008803226,0.56
Synthetic,10,0,HIACSP,AGG,0.28828509536410674,0.3580412821768026,0.504
Synthetic,10,0,HIACSP,DPC,0.1882177513939023,0.3275744830765007,0.46
Synthetic,10,0,HIACSP-WF,KM,0.01952807755251195,0.0368212404246347,0.278
Synthetic,10,0,HIACSP-WF,AGG,0.014022930240689837,0.027860987116012776,0.278
Synthetic,10,0,HIACSP-WF,DPC,0.005712669618092547,0.02373434810477907,0.274
Synthetic,10,0,SEW-GSP,KM,0.9511209007616068,0.9378857918139586,0.98
Synthetic,10,0,SEW-GSP,AGG,0.9468647625449199,0.9328099998507273,0.978
Synthetic,10,0,SEW-GSP,DPC,0.9468647625449199,0.9328099998507274,0.978
Synthetic,20,0,Raw,KM,0.029517280271942177,0.048398007476024976,0.294
Synthetic,20,0,Raw,AGG,0.08992472734159113,0.11876255751913302,0.374
Synthetic,20,0,Raw,DPC,0.0008499091455055845,0.024979294387088933,0.254
Synthetic,20,0,HIBOG,KM,0.03313137404707595,0.06579838911379102,0.286
Synthetic,20,0,HIBOG,AGG,0.03081064381605774,0.048752360030678545,0.292
Synthetic,20,0,HIBOG,DPC,0.0325188053978114,0.04643413649879245,0.284
Synthetic,20,0,HIACSP,KM,0.055268035929719544,0.09272780868199197,0.33
Synthetic,20,0,HIACSP,AGG,0.08253011856635666,0.11714271151825423,0.38
Synthetic,20,0,HIACSP,DPC,0.030216608435386223,0.04450099169691909,0.304
Synthetic,20,0,HIACSP-WF,KM,0.006264239402986969,0.01910392721950627,0.258
Synthetic,20,0,HIACSP-WF,AGG,0.0038778823293970947,0.020701898588074634,0.254
Synthetic,20,0,HIACSP-WF,DPC,0.006923131604915783,0.02034432231122727,0.264
Synthetic,20,0,SEW-GSP,KM,0.9257845230434453,0.9096884922748152,0.97
Synthetic,20,0,SEW-GSP,AGG,0.8981376537542083,0.8893647625624804,0.958
Synthetic,20,0,SEW-GSP,DPC,0.5871314748604229,0.741925423375049,0.656
Synthetic,40,0,Raw,KM,0.0408252582193135,0.06178917315353403,0.344
Synthetic,40,0,Raw,AGG,0.03791844259685664,0.07198224589668681,0.336
Synthetic,40,0,Raw,DPC,0.016154474854244705,0.03113658474005278,0.274
Synthetic,40,0,HIBOG,KM,0.01518351429654622,0.03960550649439663,0.28
Synthetic,40,0,HIBOG,AGG,0.012210094199480393,0.03594179876510526,0.268
Synthetic,40,0,HIBOG,DPC,0.017499195322514333,0.04548910569149275,0.28
Synthetic,40,0,HIACSP,KM,0.04687102156054357,0.06624432936642266,0.338
Synthetic,40,0,HIACSP,AGG,0.007751095979752593,0.029428799034869287,0.264
Synthetic,40,0,HIACSP,DPC,0.0010332059034665493,0.038866969716002994,0.248
Synthetic,40,0,HIACSP-WF,KM,0.0069635087646817175,0.02075898881967579,0.284
Synthetic,40,0,HIACSP-WF,AGG,0.007030459704081473,0.01639324762800648,0.26
Synthetic,40,0,HIACSP-WF,DPC,0.001925436224165413,0.008781316428256573,0.244
Synthetic,40,0,SEW-GSP,KM,0.5021435235261587,0.5513889477040103,0.698
Synthetic,40,0,SEW-GSP,AGG,0.4167439267810643,0.4763203028119514,0.66
Synthetic,40,0,SEW-GSP,DPC,0.07068331053082065,0.1429497353378835,0.332
Synthetic,80,0,Raw,KM,0.026897339487171976,0.04219510890741462,0.29
Synthetic,80,0,Raw,AGG,0.015061010672647696,0.030830835103120142,0.29
Synthetic,80,0,Raw,DPC,0.004301164600071503,0.015194805287091629,0.268
Synthetic,80,0,HIBOG,KM,0.010992902529845633,0.027497323147188432,0.27
Synthetic,80,0,HIBOG,AGG,0.011052301478467988,0.023406071653664314,0.276
Synthetic,80,0,HIBOG,DPC,0.00275578839777351,0.012728707609679705,0.244
Synthetic,80,0,HIACSP,KM,0.025175662337968592,0.04484196604162346,0.298
Synthetic,80,0,HIACSP,AGG,0.029636298876005922,0.04490614616577751,0.284
Synthetic,80,0,HIACSP,DPC,0.011731509394631695,0.030057227396961324,0.274
Synthetic,80,0,HIACSP-WF,KM,0.004676217770692176,0.018198418775513106,0.254
Synthetic,80,0,HIACSP-WF,AGG,0.007049100389608588,0.018186728621585817,0.252
Synthetic,80,0,HIACSP-WF,DPC,0.0027546870490510853,0.016155545958450937,0.26
Synthetic,80,0,SEW-GSP,KM,0.6402559889886035,0.6696519251039784,0.834
Synthetic,80,0,SEW-GSP,AGG,0.48987110619254454,0.5705171829571084,0.72
Synthetic,80,0,SEW-GSP,DPC,0.2636900204638162,0.33479392461486246,0.454
Synthetic,0,1,Raw,KM,0.8308304836016198,0.8494657609490313,0.926
Synthetic,0,1,Raw,AGG,0.7690100388775326,0.7984202116487437,0.9
Synthetic,0,1,Raw,DPC,0.7098142576382382,0.7745327660018047,0.87
Synthetic,0,1,HIBOG,KM,0.8321320177905478,0.8548983682274881,0.924
Synthetic,0,1,HIBOG,AGG,0.8252957124294145,0.8428851933241805,0.924
Synthetic,0,1,HIBOG,DPC,0.8014801715904617,0.8318380996930943,0.91
Synthetic,0,1,HIACSP,KM,0.8707397877158244,0.8773908928621517,0.944
Synthetic,0,1,HIACSP,AGG,0.8417317970277025,0.8549114610854173,0.932
Synthetic,0,1,HIACSP,DPC,0.8417317970277025,0.8549114610854173,0.932
Synthetic,0,1,HIACSP-WF,KM,0.8628472851748875,0.8735168525339143,0.94
Synthetic,0,1,HIACSP-WF,AGG,0.8551987644689787,0.8645664778881995,0.936
Synthetic,0,1,HIACSP-WF,DPC,0.8554751464956867,0.8740629425136596,0.936
Synthetic,0,1,SEW-GSP,KM,0.8587095970499049,0.8716966438881918,0.938
Synthetic,0,1,SEW-GSP,AGG,0.8673079705623835,0.8828913644679592,0.942
Synthetic,0,1,SEW-GSP,DPC,0.832307479289869,0.8566827427106566,0.926
Synthetic,5,1,Raw,KM,0.2277035069380071,0.2932857497935684,0.436
Synthetic,5,1,Raw,AGG,0.22097608098441546,0.2831113284580301,0.422
Synthetic,5,1,Raw,DPC,0.06934698850122517,0.11255961631106269,0.336
Synthetic,5,1,HIBOG,KM,0.2237312341333029,0.2952967361054671,0.45
Synthetic,5,1,HIBOG,AGG,0.2574899432592978,0.33378888149866015,0.49
Synthetic,5,1,HIBOG,DPC,0.2263375053870569,0.34301771318362073,0.446
Synthetic,5,1,HIACSP,KM,0.23901449796753665,0.3103793454066084,0.46
Synthetic,5,1,HIACSP,AGG,0.23674463305380167,0.31698609199843597,0.47
Synthetic,5,1,HIACSP,DPC,0.23274499531681625,0.35831725345105603,0.478
Synthetic,5,1,HIACSP-WF,KM,0.12306261581036691,0.1893170324899621,0.374
Synthetic,5,1,HIACSP-WF,AGG,0.11843441095221918,0.19890263752931772,0.372
Synthetic,5,1,HIACSP-WF,DPC,0.11037333663361522,0.18958003493260733,0.364
Synthetic,5,1,SEW-GSP,KM,0.8372514542960956,0.834658819555325,0.93
Synthetic,5,1,SEW-GSP,AGG,0.8263803653884294,0.828958400792505,0.924
Synthetic,5,1,SEW-GSP,DPC,0.7905883850987483,0.8089915609000562,0.904
Synthetic,10,1,Raw,KM,0.22766241030437753,0.29048790772496913,0.426
Synthetic,10,1,Raw,AGG,0.1599078217971224,0.21904623724317362,0.406
Synthetic,10,1,Raw,DPC,0.043163986715719874,0.06334953712107462,0.312
Synthetic,10,1,HIBOG,KM,0.2015812721566199,0.2578456116489806,0.44
Synthetic,10,1,HIBOG,AGG,0.19812166896452585,0.2556323898346681,0.45
Synthetic,10,1,HIBOG,DPC,0.14083008032757502,0.26424826478106817,0.382
Synthetic,10,1,HIACSP,KM,0.19229974951316556,0.25020436240241595,0.422
Synthetic,10,1,HIACSP,AGG,0.18289759345907003,0.2540939808922367,0.392
Synthetic,10,1,HIACSP,DPC,0.1680691469481493,0.2076604190179918,0.39
Synthetic,10,1,HIACSP-WF,KM,0.020030105167940907,0.031370373210471376,0.284
Synthetic,10,1,HIACSP-WF,AGG,0.01676761971922967,0.028663622471462688,0.268
Synthetic,10,1,HIACSP-WF,DPC,0.006787661599876851,0.02002643650433011,0.264
Synthetic,10,1,SEW-GSP,KM,0.7097576621124178,0.7400403885093236,0.854
Synthetic,10,1,SEW-GSP,AGG,0.6705256777218646,0.7174349382607956,0.81
Synthetic,10,1,SEW-GSP,DPC,0.6804632620543934,0.7647055234006767,0.794
Synthetic,20,1,Raw,KM,0.17430180219101177,0.23204710423092823,0.42
Synthetic,20,1,Raw,AGG,0.024442829133844664,0.0634122289543928,0.292
Synthetic,20,1,Raw,DPC,0.019721190848869342,0.032255227250371915,0.272
Synthetic,20,1,HIBOG,KM,0.1262219316845518,0.16784373828797927,0.386
Synthetic,20,1,HIBOG,AGG,0.10795344438187691,0.17431748095772184,0.37
Synthetic,20,1,HIBOG,DPC,0.0003741500308161612,0.018611514605347438,0.238
Synthetic,20,1,HIACSP,KM,0.16151778150313265,0.2045680217565286,0.398
Synthetic,20,1,HIACSP,AGG,0.13239565887418775,0.18117325623971525,0.37
Synthetic,20,1,HIACSP,DPC,0.009157360145136916,0.03749730915246357,0.266
Synthetic,20,1,HIACSP-WF,KM,0.004233883189454029,0.01714470029699394,0.262
Synthetic,20,1,HIACSP-WF,AGG,0.006745036446829239,0.019086901239582548,0.244
Synthetic,20,1,HIACSP-WF,DPC,-0.00038183962510988223,0.007408864215876123,0.236
Synthetic,20,1,SEW-GSP,KM,0.8388129799867694,0.8504440280870527,0.928
Synthetic,20,1,SEW-GSP,AGG,0.8368081058722125,0.8508636113300942,0.926
Synthetic,20,1,SEW-GSP,DPC,0.8151858617957847,0.8315127362144192,0.914
Synthetic,40,1,Raw,KM,0.1576593128503429,0.19323190459075834,0.388
Synthetic,40,1,Raw,AGG,0.0528201968822062,0.09260932876194627,0.29
Synthetic,40,1,Raw,DPC,0.00571579053201022,0.021457408854892033,0.252
Synthetic,40,1,HIBOG,KM,0.06476731961490678,0.08414431987635847,0.334
Synthetic,40,1,HIBOG,AGG,0.012036054119110282,0.03642523390492581,0.284
Synthetic,40,1,HIBOG,DPC,0.010327329247677946,0.02529429733113756,0.274
Synthetic,40,1,HIACSP,KM,0.047610386822058676,0.0784870517682285,0.34
Synthetic,40,1,HIACSP,AGG,0.04993691551044108,0.06969199895407498,0.322
Synthetic,40,1,HIACSP,DPC,3.941107492963562e-05,0.013581947965141061,0.236
Synthetic,40,1,HIACSP-WF,KM,0.0006938932962973963,0.011164222102414864,0.248
Synthetic,40,1,HIACSP-WF,AGG,0.004207121019258288,0.019709117070987908,0.254
Synthetic,40,1,HIACSP-WF,DPC,0.002802309564017384,0.02074111727061788,0.254
Synthetic,40,1,SEW-GSP,KM,0.6561105505256435,0.7002791955188279,0.792
Synthetic,40,1,SEW-GSP,AGG,0.592304159132329,0.6494777844089125,0.76
Synthetic,40,1,SEW-GSP,DPC,0.3463079391414512,0.4778657366640734,0.548
Synthetic,80,1,Raw,KM,0.05430240274517982,0.06510009654049506,0.33
Synthetic,80,1,Raw,AGG,0.0696978247849897,0.09184319446931359,0.346
Synthetic,80,1,Raw,DPC,8.615645044314839e-05,0.012946545141980948,0.246
Synthetic,80,1,HIBOG,KM,0.018302225675329895,0.03037046898214485,0.284
Synthetic,80,1,HIBOG,AGG,0.02248875089962431,0.03836618380493716,0.27
Synthetic,80,1,HIBOG,DPC,0.0024657301334498867,0.013058041619747848,0.234
Synthetic,80,1,HIACSP,KM,0.029766226983050117,0.050919570566718364,0.306
Synthetic,80,1,HIACSP,AGG,0.008745914428977847,0.02913055194230022,0.272
Synthetic,80,1,HIACSP,DPC,-0.0012432547890184563,0.008606027366147616,0.24
Synthetic,80,1,HIACSP-WF,KM,0.010521973146908272,0.021913308241303105,0.266
Synthetic,80,1,HIACSP-WF,AGG,0.0016867811807755586,0.011580259209149497,0.236
Synthetic,80,1,HIACSP-WF,DPC,0.0031651523748479934,0.01869243001730331,0.25
Synthetic,80,1,SEW-GSP,KM,0.619904781027771,0.6637490391662043,0.798
Synthetic,80,1,SEW-GSP,AGG,0.547184971824393,0.6337539364031644,0.742
Synthetic,80,1,SEW-GSP,DPC,0.1252919521645239,0.2058159404814913,0.434
Synthetic,0,2,Raw,KM,0.8016586872385986,0.8245223242989312,0.906
Synthetic,0,2,Raw,AGG,0.7372277868622692,0.7682542953364113,0.868
Synthetic,0,2,Raw,DPC,0.6727067910233373,0.7705330996784536,0.784
Synthetic,0,2,HIBOG,KM,0.7709234855030507,0.8158402026907501,0.886
Synthetic,0,2,HIBOG,AGG,0.7273361533523889,0.7879998736717688,0.848
Synthetic,0,2,HIBOG,DPC,0.7378131232371918,0.8141486720901344,0.848
Synthetic,0,2,HIACSP,KM,0.7987920337407527,0.8282962502925899,0.906
Synthetic,0,2,HIACSP,AGG,0.7447970452795022,0.816476630293644,0.858
Synthetic,0,2,HIACSP,DPC,0.7447970452795022,0.816476630293644,0.858
Synthetic,0,2,HIACSP-WF,KM,0.8003406971215278,0.8331117544509423,0.906
Synthetic,0,2,HIACSP-WF,AGG,0.7426107219160886,0.8187712276828547,0.854
Synthetic,0,2,HIACSP-WF,DPC,0.7976803831807853,0.8268781096126806,0.904
Synthetic,0,2,SEW-GSP,KM,0.8021186670004834,0.8336012834106094,0.906
Synthetic,0,2,SEW-GSP,AGG,0.7521784929042293,0.8238893787381448,0.86
Synthetic,0,2,SEW-GSP,DPC,0.670467325961744,0.7765674426550992,0.752
Synthetic,5,2,Raw,KM,0.2565782469147596,0.3102632403746288,0.474
Synthetic,5,2,Raw,AGG,0.23341943424988928,0.28961983627083987,0.47
Synthetic,5,2,Raw,DPC,0.057879396350393214,0.10428840960136772,0.348
Synthetic,5,2,HIBOG,KM,0.23299907383561452,0.2890218624591122,0.44
Synthetic,5,2,HIBOG,AGG,0.21238353330431511,0.32341109401278917,0.44
Synthetic,5,2,HIBOG,DPC,0.09832865545399391,0.2531247807742581,0.324
Synthetic,5,2,HIACSP,KM,0.23026580973165992,0.28025611280279944,0.446
Synthetic,5,2,HIACSP,AGG,0.23963467821569656,0.294115481514763,0.458
Synthetic,5,2,HIACSP,DPC,0.26488377398664925,0.3881470459363682,0.488
Synthetic,5,2,HIACSP-WF,KM,0.18478715537115978,0.23641658585169412,0.416
Synthetic,5,2,HIACSP-WF,AGG,0.18882901438586788,0.23992691488474183,0.41
Synthetic,5,2,HIACSP-WF,DPC,0.16383540056307788,0.20604745006461894,0.4
Synthetic,5,2,SEW-GSP,KM,0.7823906647659941,0.8136176145997891,0.894
Synthetic,5,2,SEW-GSP,AGG,0.7823906647659941,0.8136176145997891,0.894
Synthetic,5,2,SEW-GSP,DPC,0.7793509161239819,0.8107308040509229,0.892
Synthetic,10,2,Raw,KM,0.2117427994502719,0.2602810775781057,0.426
Synthetic,10,2,Raw,AGG,0.19021992857455008,0.253844032060661,0.434
Synthetic,10,2,Raw,DPC,0.011094373586251179,0.034817910219597244,0.278
Synthetic,10,2,HIBOG,KM,0.22029769447129263,0.2681053769630857,0.446
Synthetic,10,2,HIBOG,AGG,0.214387900200564,0.26441505017919703,0.45
Synthetic,10,2,HIBOG,DPC,0.20809019152002503,0.2775255824628024,0.426
Synthetic,10,2,HIACSP,KM,0.2344258445992592,0.2833833972394831,0.444
Synthetic,10,2,HIACSP,AGG,0.21972234181224862,0.2781286852356746,0.426
Synthetic,10,2,HIACSP,DPC,0.025978719079993648,0.07713457940089613,0.29
Synthetic,10,2,HIACSP-WF,KM,0.029705812354786486,0.05893085544522521,0.292
Synthetic,10,2,HIACSP-WF,AGG,0.10569589938020585,0.12743503718427443,0.372
Synthetic,10,2,HIACSP-WF,DPC,0.029193841115828185,0.07979432204407277,0.31
Synthetic,10,2,SEW-GSP,KM,0.7979460336629974,0.8367360269965565,0.902
Synthetic,10,2,SEW-GSP,AGG,0.7347797970761245,0.8196612569613122,0.83
Synthetic,10,2,SEW-GSP,DPC,0.6611735877630092,0.7972135083943488,0.72
Synthetic,20,2,Raw,KM,0.2236874489059808,0.27318173398151024,0.436
Synthetic,20,2,Raw,AGG,0.11641983363997897,0.19338998019465878,0.39
Synthetic,20,2,Raw,DPC,0.023452111424036044,0.04192329869600046,0.28
Synthetic,20,2,HIBOG,KM,0.20836672416578123,0.25192455379347295,0.414
Synthetic,20,2,HIBOG,AGG,0.19250356023434084,0.23661369735010326,0.404
Synthetic,20,2,HIBOG,DPC,0.024920095583498978,0.04299320705089364,0.288
Synthetic,20,2,HIACSP,KM,0.21493953006835947,0.26240478085223967,0.462
Synthetic,20,2,HIACSP,AGG,0.17546038864308203,0.22144573193074782,0.428
Synthetic,20,2,HIACSP,DPC,0.05152055451628163,0.07694607761241355,0.324
Synthetic,20,2,HIACSP-WF,KM,0.01298557306069525,0.031168793329365573,0.264
Synthetic,20,2,HIACSP-WF,AGG,0.021429107374459126,0.033874973331428915,0.284
Synthetic,20,2,HIACSP-WF,DPC,0.009925722627089625,0.028794309104779543,0.262
Synthetic,20,2,SEW-GSP,KM,0.7753351205486148,0.8168276480959394,0.888
Synthetic,20,2,SEW-GSP,AGG,0.7406408845353212,0.8152280314343736,0.848
Synthetic,20,2,SEW-GSP,DPC,0.7256685219066423,0.8063871474862533,0.814
Synthetic,40,2,Raw,KM,0.18079309771393628,0.22804326260321328,0.426
Synthetic,40,2,Raw,AGG,0.07295087955068724,0.11210383185969303,0.33
Synthetic,40,2,Raw,DPC,0.0006409259890516675,0.02657335842157294,0.226
Synthetic,40,2,HIBOG,KM,0.08434073709145803,0.14140244311635192,0.352
Synthetic,40,2,HIBOG,AGG,0.043439042969437375,0.13163669533379424,0.322
Synthetic,40,2,HIBOG,DPC,0.0036542562133169707,0.03540325668916411,0.254
Synthetic,40,2,HIACSP,KM,0.15114763394392616,0.19172356292243958,0.404
Synthetic,40,2,HIACSP,AGG,0.1332738990798001,0.15351848645774352,0.388
Synthetic,40,2,HIACSP,DPC,0.03372041926595215,0.06644677436510822,0.294
Synthetic,40,2,HIACSP-WF,KM,0.005944552959410228,0.01731408363912442,0.26
Synthetic,40,2,HIACSP-WF,AGG,0.007301193930270923,0.020091241598548543,0.256
Synthetic,40,2,HIACSP-WF,DPC,0.011825417565815097,0.022299346403531924,0.272
Synthetic,40,2,SEW-GSP,KM,0.7969977165835768,0.8218924449726206,0.904
Synthetic,40,2,SEW-GSP,AGG,0.7498691694578664,0.8047087008080127,0.868
Synthetic,40,2,SEW-GSP,DPC,0.7128680956733535,0.7943457230683197,0.818
Synthetic,80,2,Raw,KM,0.11793808810862184,0.16699160876406569,0.37
Synthetic,80,2,Raw,AGG,0.02871418391000261,0.03998939835507816,0.296
Synthetic,80,2,Raw,DPC,0.01401347217600646,0.02898792515589096,0.26
Synthetic,80,2,HIBOG,KM,0.05890397337087783,0.10224649208682533,0.336
Synthetic,80,2,HIBOG,AGG,0.045034869297165006,0.08315311376231842,0.314
Synthetic,80,2,HIBOG,DPC,0.004626200279691772,0.03437494918261329,0.256
Synthetic,80,2,HIACSP,KM,0.06714207102420491,0.10241601539689968,0.328
Synthetic,80,2,HIACSP,AGG,0.020396995223347522,0.05080788368221948,0.28
Synthetic,80,2,HIACSP,DPC,0.006630449123800345,0.016384247854209694,0.246
Synthetic,80,2,HIACSP-WF,KM,0.011144655115131937,0.027148930004960086,0.268
Synthetic,80,2,HIACSP-WF,AGG,0.001208183170004153,0.010212440906845614,0.236
Synthetic,80,2,HIACSP-WF,DPC,0.0009241946525133562,0.016527826467630694,0.234
Synthetic,80,2,SEW-GSP,KM,0.7808299463545397,0.8069041300309797,0.894
Synthetic,80,2,SEW-GSP,AGG,0.7433605051541767,0.8082681262929959,0.85
Synthetic,80,2,SEW-GSP,DPC,0.6812162111589459,0.7466953560524405,0.788
Synthetic,0,3,Raw,KM,0.9849456616937572,0.9790921250999526,0.994
Synthetic,0,3,Raw,AGG,0.9752433360999767,0.969287974471825,0.99
Synthetic,0,3,Raw,DPC,0.9800891017511564,0.9721615444159477,0.992
Synthetic,0,3,HIBOG,KM,0.989805418722147,0.9860217649675129,0.996
Synthetic,0,3,HIBOG,AGG,0.989805418722147,0.986021764967513,0.996
Synthetic,0,3,HIBOG,DPC,0.989805418722147,0.986021764967513,0.996
Synthetic,0,3,HIACSP,KM,0.989805418722147,0.9860217649675129,0.996
Synthetic,0,3,HIACSP,AGG,0.989805418722147,0.986021764967513,0.996
Synthetic,0,3,HIACSP,DPC,0.989805418722147,0.986021764967513,0.996
Synthetic,0,3,HIACSP-WF,KM,0.989805418722147,0.9860217649675129,0.996
Synthetic,0,3,HIACSP-WF,AGG,0.989805418722147,0.9860217649675129,0.996
Synthetic,0,3,HIACSP-WF,DPC,0.989805418722147,0.9860217649675129,0.996
Synthetic,0,3,SEW-GSP,KM,0.989805418722147,0.986021764967513,0.996
Synthetic,0,3,SEW-GSP,AGG,0.989805418722147,0.9860217649675129,0.996
Synthetic,0,3,SEW-GSP,DPC,0.989805418722147,0.986021764967513,0.996
Synthetic,5,3,Raw,KM,0.4917138923209694,0.5862403653963353,0.632
Synthetic,5,3,Raw,AGG,0.5734629674326307,0.6423708701376736,0.758
Synthetic,5,3,Raw,DPC,0.283163650396244,0.36076843961146676,0.536
Synthetic,5,3,HIBOG,KM,0.5003385290169887,0.5914919935182967,0.656
Synthetic,5,3,HIBOG,AGG,0.5091767049171149,0.6055238970865024,0.68
Synthetic,5,3,HIBOG,DPC,0.3505483631261319,0.5216218998947524,0.63
Synthetic,5,3,HIACSP,KM,0.49722893936246426,0.5865843058264467,0.664
Synthetic,5,3,HIACSP,AGG,0.48814612425201986,0.5829817585591944,0.644
Synthetic,5,3,HIACSP,DPC,0.45009864925010046,0.6199811236081401,0.61
Synthetic,5,3,HIACSP-WF,KM,0.32819985854738853,0.4266552462731344,0.556
Synthetic,5,3,HIACSP-WF,AGG,0.32299794262706355,0.4235488443233017,0.528
Synthetic,5,3,HIACSP-WF,DPC,0.2236461908168807,0.3890394444426986,0.458
Synthetic,5,3,SEW-GSP,KM,0.989805418722147,0.9860217649675129,0.996
Synthetic,5,3,SEW-GSP,AGG,0.989805418722147,0.986021764967513,0.996
Synthetic,5,3,SEW-GSP,DPC,0.989805418722147,0.9860217649675129,0.996
Synthetic,10,3,Raw,KM,0.4575122130900331,0.550760449657512,0.612
Synthetic,10,3,Raw,AGG,0.3173951017732073,0.42380273073495184,0.546
Synthetic,10,3,Raw,DPC,0.08787872772537869,0.14832034971981153,0.378
Synthetic,10,3,HIBOG,KM,0.45513926760133877,0.5327528104207173,0.646
Synthetic,10,3,HIBOG,AGG,0.4434644664625697,0.5292760436161413,0.666
Synthetic,10,3,HIBOG,DPC,0.3294102502760452,0.5225463882581015,0.544
Synthetic,10,3,HIACSP,KM,0.45499430012064795,0.5313886503539115,0.658
Synthetic,10,3,HIACSP,AGG,0.43737458878219987,0.5160521313687854,0.618
Synthetic,10,3,HIACSP,DPC,0.251593238413117,0.386858563375795,0.508
Synthetic,10,3,HIACSP-WF,KM,0.12377835620535331,0.16999944810846745,0.38
Synthetic,10,3,HIACSP-WF,AGG,0.12019958066207848,0.1868911726678396,0.386
Synthetic,10,3,HIACSP-WF,DPC,0.04954851158554793,0.11796028648613083,0.312
Synthetic,10,3,SEW-GSP,KM,0.989805418722147,0.9860217649675129,0.996
Synthetic,10,3,SEW-GSP,AGG,0.989805418722147,0.9860217649675129,0.996
Synthetic,10,3,SEW-GSP,DPC,0.989805418722147,0.986021764967513,0.996
Synthetic,20,3,Raw,KM,0.46315567430741106,0.5434500222280673,0.614
Synthetic,20,3,Raw,AGG,0.118603910841901,0.18321164288139785,0.424
Synthetic,20,3,Raw,DPC,0.01898512986550014,0.03744688482523283,0.262
Synthetic,20,3,HIBOG,KM,0.24638554702937032,0.3134780080994265,0.528
Synthetic,20,3,HIBOG,AGG,0.25423888722814675,0.32259529796363373,0.506
Synthetic,20,3,HIBOG,DPC,0.03196388316735647,0.056011664917374665,0.292
Synthetic,20,3,HIACSP,KM,0.22896701160426,0.3001747141441077,0.466
Synthetic,20,3,HIACSP,AGG,0.23787283790530345,0.32828077880304923,0.492
Synthetic,20,3,HIACSP,DPC,0.054621175469478936,0.08689325726707715,0.336
Synthetic,20,3,HIACSP-WF,KM,0.05149855405260713,0.06578039109358481,0.324
Synthetic,20,3,HIACSP-WF,AGG,0.038413896243620065,0.04811806967003143,0.316
Synthetic,20,3,HIACSP-WF,DPC,0.008703906391404307,0.03948652529756603,0.26
Synthetic,20,3,SEW-GSP,KM,0.989805418722147,0.9860217649675129,0.996
Synthetic,20,3,SEW-GSP,AGG,0.989805418722147,0.9860217649675129,0.996
Synthetic,20,3,SEW-GSP,DPC,0.989805418722147,0.9860217649675129,0.996
Synthetic,40,3,Raw,KM,0.03035808530796123,0.05242878230026837,0.308
Synthetic,40,3,Raw,AGG,0.04702829636798542,0.10482442202217773,0.358
Synthetic,40,3,Raw,DPC,0.013096679005679167,0.05157219237538504,0.268
Synthetic,40,3,HIBOG,KM,0.12109093723325215,0.1637371748311105,0.404
Synthetic,40,3,HIBOG,AGG,0.04512559873269033,0.08636252792007942,0.316
Synthetic,40,3,HIBOG,DPC,0.015229346565268932,0.03716647727519866,0.276
Synthetic,40,3,HIACSP,KM,0.05028710644687053,0.08838999143670402,0.33
Synthetic,40,3,HIACSP,AGG,0.029419736533113562,0.08344629139897365,0.322
Synthetic,40,3,HIACSP,DPC,0.0050546631332066185,0.014986327422204761,0.254
Synthetic,40,3,HIACSP-WF,KM,0.01836571266539705,0.031611812148259866,0.284
Synthetic,40,3,HIACSP-WF,AGG,0.012550448734796273,0.024896083752579633,0.262
Synthetic,40,3,HIACSP-WF,DPC,-4.380250534829686e-05,0.020447482814931067,0.232
Synthetic,40,3,SEW-GSP,KM,0.9846463630862147,0.9790162544169075,0.994
Synthetic,40,3,SEW-GSP,AGG,0.9846463630862147,0.9790162544169075,0.994
Synthetic,40,3,SEW-GSP,DPC,0.9846463630862147,0.9790162544169075,0.994
Synthetic,80,3,Raw,KM,0.016563026742911817,0.0318669593686153,0.288
Synthetic,80,3,Raw,AGG,0.029615885184235476,0.04497059615942154,0.302
Synthetic,80,3,Raw,DPC,0.002256316162198728,0.01551983930507619,0.25
Synthetic,80,3,HIBOG,KM,0.012916652411734227,0.029501979755851872,0.268
Synthetic,80,3,HIBOG,AGG,0.009561365062240689,0.03201824039481647,0.25
Synthetic,80,3,HIBOG,DPC,0.0021570755880641625,0.02232382232635089,0.246
Synthetic,80,3,HIACSP,KM,0.05058408340352807,0.0736910376332612,0.322
Synthetic,80,3,HIACSP,AGG,0.038279922613137354,0.0543981315745142,0.31
Synthetic,80,3,HIACSP,DPC,0.0024053289244847045,0.01432291448856848,0.244
Synthetic,80,3,HIACSP-WF,KM,0.015627340022018363,0.029600445749306616,0.272
Synthetic,80,3,HIACSP-WF,AGG,0.006286522368768057,0.017415279463329283,0.268
Synthetic,80,3,HIACSP-WF,DPC,0.005250491577225384,0.01801253792852413,0.25
Synthetic,80,3,SEW-GSP,KM,0.3001921155412915,0.374824170066724,0.534
Synthetic,80,3,SEW-GSP,AGG,0.1746917158974326,0.2763929551762341,0.402
Synthetic,80,3,SEW-GSP,DPC,0.049027834097649214,0.07655800161580846,0.314
Synthetic,0,4,Raw,KM,0.9786630867552525,0.978567576316358,0.992
Synthetic,0,4,Raw,AGG,0.9839207355647237,0.9828506409409636,0.994
Synthetic,0,4,Raw,DPC,0.9839207355647237,0.9828506409409636,0.994
Synthetic,0,4,HIBOG,KM,0.9839207355647237,0.9828506409409636,0.994
Synthetic,0,4,HIBOG,AGG,0.9839207355647237,0.9828506409409636,0.994
Synthetic,0,4,HIBOG,DPC,0.9839207355647237,0.9828506409409637,0.994
Synthetic,0,4,HIACSP,KM,0.9839207355647237,0.9828506409409636,0.994
Synthetic,0,4,HIACSP,AGG,0.9839207355647237,0.9828506409409637,0.994
Synthetic,0,4,HIACSP,DPC,0.9839207355647237,0.9828506409409636,0.994
Synthetic,0,4,HIACSP-WF,KM,0.9839207355647237,0.9828506409409636,0.994
Synthetic,0,4,HIACSP-WF,AGG,0.9839207355647237,0.9828506409409637,0.994
Synthetic,0,4,HIACSP-WF,DPC,0.9839207355647237,0.9828506409409637,0.994
Synthetic,0,4,SEW-GSP,KM,0.9839207355647237,0.9828506409409636,0.994
Synthetic,0,4,SEW-GSP,AGG,0.9839207355647237,0.9828506409409637,0.994
Synthetic,0,4,SEW-GSP,DPC,0.9839207355647237,0.9828506409409637,0.994
Synthetic,5,4,Raw,KM,0.5040644903202884,0.6598108891096148,0.632
Synthetic,5,4,Raw,AGG,0.5341269067964329,0.682652592435266,0.688
Synthetic,5,4,Raw,DPC,0.43568678382547604,0.6002593654095202,0.582
Synthetic,5,4,HIBOG,KM,0.6092501627959015,0.7290997531714715,0.742
Synthetic,5,4,HIBOG,AGG,0.56438074639604,0.704464473510949,0.71
Synthetic,5,4,HIBOG,DPC,0.5404773274395244,0.6996134615355082,0.654
Synthetic,5,4,HIACSP,KM,0.5563651972511479,0.7022525097392375,0.702
Synthetic,5,4,HIACSP,AGG,0.5720741278783787,0.7089796421963667,0.722
Synthetic,5,4,HIACSP,DPC,0.6095716426448293,0.7417312332292721,0.654
Synthetic,5,4,HIACSP-WF,KM,0.49328468918380813,0.634826585206757,0.628
Synthetic,5,4,HIACSP-WF,AGG,0.520251804948695,0.6471797322254286,0.562
Synthetic,5,4,HIACSP-WF,DPC,0.38538971053843096,0.512038962545956,0.502
Synthetic,5,4,SEW-GSP,KM,0.9839207355647237,0.9828506409409637,0.994
Synthetic,5,4,SEW-GSP,AGG,0.9839207355647237,0.9828506409409637,0.994
Synthetic,5,4,SEW-GSP,DPC,0.9839207355647237,0.9828506409409636,0.994
Synthetic,10,4,Raw,KM,0.4963082438206177,0.6346514404682746,0.644
Synthetic,10,4,Raw,AGG,0.4110028369593787,0.47580235148312544,0.53
Synthetic,10,4,Raw,DPC,0.10253630588873226,0.17776982884475315,0.388
Synthetic,10,4,HIBOG,KM,0.5005654588270173,0.6296858488513,0.656
Synthetic,10,4,HIBOG,AGG,0.5003631537771048,0.6303596539541791,0.668
Synthetic,10,4,HIBOG,DPC,0.5218597189736482,0.6530831872859931,0.598
Synthetic,10,4,HIACSP,KM,0.5032625316155694,0.6379630919698831,0.676
Synthetic,10,4,HIACSP,AGG,0.5153604291459242,0.6340352443113284,0.574
Synthetic,10,4,HIACSP,DPC,0.5182885128173343,0.6378069155918822,0.592
Synthetic,10,4,HIACSP-WF,KM,0.0314424510388536,0.048551903147695384,0.322
Synthetic,10,4,HIACSP-WF,AGG,0.07828402882811537,0.11489569383932409,0.348
Synthetic,10,4,HIACSP-WF,DPC,0.12566192738263043,0.17858692818198613,0.346
Synthetic,10,4,SEW-GSP,KM,0.9839207355647237,0.9828506409409636,0.994
Synthetic,10,4,SEW-GSP,AGG,0.9839207355647237,0.9828506409409637,0.994
Synthetic,10,4,SEW-GSP,DPC,0.9839207355647237,0.9828506409409636,0.994
Synthetic,20,4,Raw,KM,0.40737521418394296,0.5376328297437212,0.602
Synthetic,20,4,Raw,AGG,0.2478899304479037,0.29206306993597597,0.492
Synthetic,20,4,Raw,DPC,0.023339395074109374,0.04327665247658072,0.276
Synthetic,20,4,HIBOG,KM,0.38108748359493605,0.4716326506509282,0.546
Synthetic,20,4,HIBOG,AGG,0.326392352611168,0.39486675250302944,0.546
Synthetic,20,4,HIBOG,DPC,0.3184922831809462,0.37348375019588365,0.48
Synthetic,20,4,HIACSP,KM,0.3766439392375126,0.4635538406723133,0.558
Synthetic,20,4,HIACSP,AGG,0.3047143124397237,0.3733127662066178,0.52
Synthetic,20,4,HIACSP,DPC,0.14351385682990722,0.18999902750331296,0.388
Synthetic,20,4,HIACSP-WF,KM,0.024160165034720894,0.04021021656406772,0.292
Synthetic,20,4,HIACSP-WF,AGG,0.022741279744802115,0.04234828022654459,0.288
Synthetic,20,4,HIACSP-WF,DPC,0.0051998215350734555,0.02795562613233253,0.254
Synthetic,20,4,SEW-GSP,KM,0.9786630867552525,0.978567576316358,0.992
Synthetic,20,4,SEW-GSP,AGG,0.9786630867552525,0.978567576316358,0.992
Synthetic,20,4,SEW-GSP,DPC,0.9786630867552525,0.978567576316358,0.992
Synthetic,40,4,Raw,KM,0.04652386455413762,0.06993817505204998,0.328
Synthetic,40,4,Raw,AGG,0.04042815279223954,0.07382589041986881,0.33
Synthetic,40,4,Raw,DPC,0.029169260449629964,0.048151471519997574,0.298
Synthetic,40,4,HIBOG,KM,0.12379347006678379,0.14106274441723252,0.44
Synthetic,40,4,HIBOG,AGG,0.09280329228466987,0.11349633639807068,0.392
Synthetic,40,4,HIBOG,DPC,0.018130824845623096,0.047704021049476346,0.29
Synthetic,40,4,HIACSP,KM,0.06424471924340514,0.09808665418144831,0.362
Synthetic,40,4,HIACSP,AGG,0.04722431886907225,0.07877642732805032,0.312
Synthetic,40,4,HIACSP,DPC,0.03037128089128397,0.04264269660438024,0.296
Synthetic,40,4,HIACSP-WF,KM,0.014338961452956038,0.028044661004917672,0.294
Synthetic,40,4,HIACSP-WF,AGG,0.00850143657715251,0.03152942597653507,0.272
Synthetic,40,4,HIACSP-WF,DPC,0.007831049033953846,0.027708694814547265,0.274
Synthetic,40,4,SEW-GSP,KM,0.9631796730426927,0.9615585809226314,0.986
Synthetic,40,4,SEW-GSP,AGG,0.91486292695791,0.926585988898421,0.966
Synthetic,40,4,SEW-GSP,DPC,0.6764823102226009,0.7926444919262409,0.754
Synthetic,80,4,Raw,KM,0.003642761382495577,0.014978345291836994,0.252
Synthetic,80,4,Raw,AGG,0.010085297682395872,0.01806387955377808,0.278
Synthetic,80,4,Raw,DPC,0.003087776837070268,0.021289121183502388,0.26
Synthetic,80,4,HIBOG,KM,0.010572332205868984,0.02772431225696186,0.268
Synthetic,80,4,HIBOG,AGG,0.006114784899998584,0.0171196960103409,0.262
Synthetic,80,4,HIBOG,DPC,0.01591423447664197,0.02834419444486937,0.298
Synthetic,80,4,HIACSP,KM,0.012440469411093925,0.028399961999571212,0.27
Synthetic,80,4,HIACSP,AGG,0.031185086499972585,0.05614038182980587,0.31
Synthetic,80,4,HIACSP,DPC,0.0048315229110333585,0.019625083695457405,0.256
Synthetic,80,4,HIACSP-WF,KM,0.009205215256661613,0.022920571348951715,0.25
Synthetic,80,4,HIACSP-WF,AGG,0.005430433380234407,0.02104841063508489,0.252
Synthetic,80,4,HIACSP-WF,DPC,-0.0016337005354417641,0.009151250975331421,0.236
Synthetic,80,4,SEW-GSP,KM,0.8879626887563364,0.8912838915295638,0.954
Synthetic,80,4,SEW-GSP,AGG,0.8330058993439033,0.8493965712105914,0.928
Synthetic,80,4,SEW-GSP,DPC,0.6255953772748905,0.7513748811675894,0.72
iris,0,0,Raw,KM,0.7163421126838476,0.7419116631817836,0.8866666666666667
iris,0,0,Raw,AGG,0.7195837484778036,0.7837403461384025,0.8866666666666667
iris,0,0,Raw,DPC,0.7195837484778036,0.7837403461384025,0.8866666666666667
iris,0,0,HIBOG,KM,0.7073626391173137,0.7771535104605841,0.88
iris,0,0,HIBOG,AGG,0.6844056129203071,0.7649659696235372,0.8666666666666667
iris,0,0,HIBOG,DPC,0.6422512518362898,0.7220663465703594,0.84
iris,0,0,HIACSP,KM,0.7322981167185344,0.7906785790830966,0.8933333333333333
iris,0,0,HIACSP,AGG,0.6536925558315911,0.7489500874010819,0.8466666666666667
iris,0,0,HIACSP,DPC,0.6536925558315911,0.7489500874010819,0.8466666666666667
iris,0,0,HIACSP-WF,KM,0.8856970310281228,0.8641855068202222,0.96
iris,0,0,HIACSP-WF,AGG,0.663433743503878,0.7540014129696434,0.8533333333333334
iris,0,0,HIACSP-WF,DPC,0.8856970310281228,0.8641855068202221,0.96
iris,0,0,SEW-GSP,KM,0.7591987071071522,0.8056936912153358,0.9066666666666666
iris,0,0,SEW-GSP,AGG,0.6536925558315911,0.7489500874010819,0.8466666666666667
iris,0,0,SEW-GSP,DPC,0.9037675791580496,0.8850620966553382,0.9666666666666667
iris,10,0,Raw,KM,0.503991035958032,0.5862988725031482,0.7133333333333334
iris,10,0,Raw,AGG,0.44917001935941525,0.4813647561542376,0.6933333333333334
iris,10,0,Raw,DPC,0.4334816166685677,0.47864172526193205,0.6866666666666666
iris,10,0,HIBOG,KM,0.49699924981245314,0.5819022596023017,0.6933333333333334
iris,10,0,HIBOG,AGG,0.4967328769259348,0.5822319625287641,0.6866666666666666
iris,10,0,HIBOG,DPC,0.49456929449753745,0.5804330445582787,0.68
iris,10,0,HIACSP,KM,0.5095743818402918,0.5911251380685714,0.72
iris,10,0,HIACSP,AGG,0.4962452456031989,0.5821491622596596,0.68
iris,10,0,HIACSP,DPC,0.6026698920759649,0.6520556385686992,0.82
iris,10,0,HIACSP-WF,KM,0.4999654236819304,0.5842235397211821,0.7
iris,10,0,HIACSP-WF,AGG,0.49333790349345213,0.5795208691884298,0.6666666666666666
iris,10,0,HIACSP-WF,DPC,0.5152725404858702,0.599852743106804,0.7133333333333334
iris,10,0,SEW-GSP,KM,0.7322981167185344,0.7906785790830966,0.8933333333333333
iris,10,0,SEW-GSP,AGG,0.663433743503878,0.7540014129696434,0.8533333333333334
iris,10,0,SEW-GSP,DPC,0.663433743503878,0.7540014129696433,0.8533333333333334
iris,20,0,Raw,KM,0.4942772741163288,0.5803847189513349,0.6733333333333333
iris,20,0,Raw,AGG,0.3653243108301329,0.3982149055474678,0.62
iris,20,0,Raw,DPC,0.21926460977019527,0.22179241788626497,0.58
iris,20,0,HIBOG,KM,0.4472187498743926,0.497435348949467,0.66
iris,20,0,HIBOG,AGG,0.4572682497872186,0.5064393292065941,0.7
iris,20,0,HIBOG,DPC,0.4906539460088072,0.5589514759034336,0.66
iris,20,0,HIACSP,KM,0.4585101165512566,0.5075786917172663,0.7
iris,20,0,HIACSP,AGG,0.4506690856529975,0.5029417667259807,0.6733333333333333
iris,20,0,HIACSP,DPC,0.46569676624007644,0.5188535360582668,0.6733333333333333
iris,20,0,HIACSP-WF,KM,0.4476517403703808,0.4987259050670617,0.6733333333333333
iris,20,0,HIACSP-WF,AGG,0.4459801180616526,0.4970363276507905,0.6733333333333333
iris,20,0,HIACSP-WF,DPC,0.402715580730943,0.5339363886318601,0.5333333333333333
iris,20,0,SEW-GSP,KM,0.8681109348039796,0.849780562488021,0.9533333333333334
iris,20,0,SEW-GSP,AGG,0.6956362463515929,0.7709004737914571,0.8733333333333333
iris,20,0,SEW-GSP,DPC,0.6356968215158925,0.7396673768007592,0.8333333333333334
iris,40,0,Raw,KM,0.539097352809606,0.6075529380103233,0.7666666666666667
iris,40,0,Raw,AGG,0.35108555957987697,0.373832125944714,0.66
iris,40,0,Raw,DPC,0.004527376479650386,0.020330445191829943,0.41333333333333333
iris,40,0,HIBOG,KM,0.4751456746154848,0.511650988889781,0.7266666666666667
iris,40,0,HIBOG,AGG,0.41335560188553816,0.4652759971582414,0.6466666666666666
iris,40,0,HIBOG,DPC,0.4882791307107249,0.546297857816586,0.6666666666666666
iris,40,0,HIACSP,KM,0.4957986388350253,0.5264466160169952,0.7533333333333333
iris,40,0,HIACSP,AGG,0.5215420212967723,0.5721195109146839,0.7666666666666667
iris,40,0,HIACSP,DPC,0.15868434435252415,0.3132550829125455,0.6066666666666667
iris,40,0,HIACSP-WF,KM,0.4967328769259348,0.5343263103500673,0.7533333333333333
iris,40,0,HIACSP-WF,AGG,0.43248352748199836,0.48196631509946586,0.7133333333333334
iris,40,0,HIACSP-WF,DPC,0.09601315378625888,0.12834300546111024,0.5333333333333333
iris,40,0,SEW-GSP,KM,0.7733799163281196,0.8138214462814856,0.9133333333333333
iris,40,0,SEW-GSP,AGG,0.7733799163281196,0.8138214462814856,0.9133333333333333
iris,40,0,SEW-GSP,DPC,0.6736713703529151,0.759336762857681,0.86
iris,0,1,Raw,KM,0.7163421126838476,0.7419116631817836,0.8866666666666667
iris,0,1,Raw,AGG,0.7195837484778036,0.7837403461384025,0.8866666666666667
iris,0,1,Raw,DPC,0.7195837484778036,0.7837403461384025,0.8866666666666667
iris,0,1,HIBOG,KM,0.7073626391173137,0.7771535104605841,0.88
iris,0,1,HIBOG,AGG,0.6844056129203071,0.7649659696235372,0.8666666666666667
iris,0,1,HIBOG,DPC,0.6422512518362898,0.7220663465703594,0.84
iris,0,1,HIACSP,KM,0.7322981167185344,0.7906785790830966,0.8933333333333333
iris,0,1,HIACSP,AGG,0.6536925558315911,0.7489500874010819,0.8466666666666667
iris,0,1,HIACSP,DPC,0.6536925558315911,0.7489500874010819,0.8466666666666667
iris,0,1,HIACSP-WF,KM,0.8856970310281228,0.8641855068202222,0.96
iris,0,1,HIACSP-WF,AGG,0.663433743503878,0.7540014129696434,0.8533333333333334
iris,0,1,HIACSP-WF,DPC,0.8856970310281228,0.8641855068202221,0.96
iris,0,1,SEW-GSP,KM,0.7591987071071522,0.8056936912153358,0.9066666666666666
iris,0,1,SEW-GSP,AGG,0.6536925558315911,0.7489500874010819,0.8466666666666667
iris,0,1,SEW-GSP,DPC,0.9037675791580496,0.8850620966553382,0.9666666666666667
iris,10,1,Raw,KM,0.48888365246195575,0.5465989909523122,0.7133333333333334
iris,10,1,Raw,AGG,0.4598221259770412,0.5043312916569179,0.7066666666666667
iris,10,1,Raw,DPC,0.3613857389527311,0.3847899066201319,0.6133333333333333
iris,10,1,HIBOG,KM,0.49123897890598606,0.5606950635801778,0.6866666666666666
iris,10,1,HIBOG,AGG,0.4964644189381164,0.566993386934747,0.68
iris,10,1,HIBOG,DPC,0.4738820789876007,0.5367337539932698,0.6666666666666666
iris,10,1,HIACSP,KM,0.5108575682292653,0.5848795029940282,0.6666666666666666
iris,10,1,HIACSP,AGG,0.5169523562228646,0.5935024347412178,0.6733333333333333
iris,10,1,HIACSP,DPC,0.5185731651512789,0.5959080362237401,0.6666666666666666
iris,10,1,HIACSP-WF,KM,0.5050262927316137,0.5568083583898581,0.74
iris,10,1,HIACSP-WF,AGG,0.49517156972492127,0.5501577488342498,0.7266666666666667
iris,10,1,HIACSP-WF,DPC,0.49015134014992173,0.5478807585965535,0.7133333333333334
iris,10,1,SEW-GSP,KM,0.8857921001989628,0.870521418179061,0.96
iris,10,1,SEW-GSP,AGG,0.6536925558315911,0.7489500874010819,0.8466666666666667
iris,10,1,SEW-GSP,DPC,0.6536925558315911,0.7489500874010819,0.8466666666666667
iris,20,1,Raw,KM,0.4874250666187855,0.5563228752433202,0.6933333333333334
iris,20,1,Raw,AGG,0.4102109708055678,0.4265479205431084,0.68
iris,20,1,Raw,DPC,0.09490984887217238,0.15616973204564683,0.5066666666666667
iris,20,1,HIBOG,KM,0.5072240958156112,0.5498888827606987,0.7533333333333333
iris,20,1,HIBOG,AGG,0.46279513587260285,0.505199113713534,0.7066666666666667
iris,20,1,HIBOG,DPC,0.401941768770856,0.5539258642687277,0.52
iris,20,1,HIACSP,KM,0.48630273945210956,0.5250358897182876,0.74
iris,20,1,HIACSP,AGG,0.4871642306566231,0.5222424960169613,0.7533333333333333
iris,20,1,HIACSP,DPC,0.4946375842172383,0.5767531461747415,0.66
iris,20,1,HIACSP-WF,KM,0.35860395073470464,0.43691742419247925,0.62
iris,20,1,HIACSP-WF,AGG,0.41441812509983617,0.4614002509813448,0.6466666666666666
iris,20,1,HIACSP-WF,DPC,0.025692691324856597,0.1456364738708192,0.44666666666666666
iris,20,1,SEW-GSP,KM,0.7322981167185344,0.7906785790830966,0.8933333333333333
iris,20,1,SEW-GSP,AGG,0.7322981167185344,0.7906785790830966,0.8933333333333333
iris,20,1,SEW-GSP,DPC,0.9037141640512019,0.8801106732223012,0.9666666666666667
iris,40,1,Raw,KM,0.45173173238053954,0.5035566715520238,0.6666666666666666
iris,40,1,Raw,AGG,0.42391526259794243,0.45171241480992147,0.66
iris,40,1,Raw,DPC,0.016496880701516167,0.044815614083459444,0.4
iris,40,1,HIBOG,KM,0.39075598155377667,0.4332200882527921,0.6333333333333333
iris,40,1,HIBOG,AGG,0.4209253512815154,0.4457288210316962,0.6866666666666666
iris,40,1,HIBOG,DPC,0.3593174983807278,0.37672046805715625,0.6533333333333333
iris,40,1,HIACSP,KM,0.3476493878674831,0.41000050130683,0.58
iris,40,1,HIACSP,AGG,0.3418022979774001,0.4293028451692391,0.5466666666666666
iris,40,1,HIACSP,DPC,0.01619166736151644,0.0724766716476362,0.42
iris,40,1,HIACSP-WF,KM,0.3757983133300961,0.4412620429010293,0.6066666666666667
iris,40,1,HIACSP-WF,AGG,0.3246138115031871,0.3554152961430656,0.6333333333333333
iris,40,1,HIACSP-WF,DPC,0.29147583745733735,0.30994405465118874,0.5866666666666667
iris,40,1,SEW-GSP,KM,0.7195837484778036,0.7837403461384025,0.8866666666666667
iris,40,1,SEW-GSP,AGG,0.6956362463515929,0.7709004737914571,0.8733333333333333
iris,40,1,SEW-GSP,DPC,0.46994578558395356,0.6609201554556504,0.58
iris,0,2,Raw,KM,0.7163421126838476,0.7419116631817836,0.8866666666666667
iris,0,2,Raw,AGG,0.7195837484778036,0.7837403461384025,0.8866666666666667
iris,0,2,Raw,DPC,0.7195837484778036,0.7837403461384025,0.8866666666666667
iris,0,2,HIBOG,KM,0.7073626391173137,0.7771535104605841,0.88
iris,0,2,HIBOG,AGG,0.6844056129203071,0.7649659696235372,0.8666666666666667
iris,0,2,HIBOG,DPC,0.6422512518362898,0.7220663465703594,0.84
iris,0,2,HIACSP,KM,0.7322981167185344,0.7906785790830966,0.8933333333333333
iris,0,2,HIACSP,AGG,0.6536925558315911,0.7489500874010819,0.8466666666666667
iris,0,2,HIACSP,DPC,0.6536925558315911,0.7489500874010819,0.8466666666666667
iris,0,2,HIACSP-WF,KM,0.8856970310281228,0.8641855068202222,0.96
iris,0,2,HIACSP-WF,AGG,0.663433743503878,0.7540014129696434,0.8533333333333334
iris,0,2,HIACSP-WF,DPC,0.8856970310281228,0.8641855068202221,0.96
iris,0,2,SEW-GSP,KM,0.7591987071071522,0.8056936912153358,0.9066666666666666
iris,0,2,SEW-GSP,AGG,0.6536925558315911,0.7489500874010819,0.8466666666666667
iris,0,2,SEW-GSP,DPC,0.9037675791580496,0.8850620966553382,0.9666666666666667
iris,10,2,Raw,KM,0.5079297718728407,0.5578814416648583,0.7466666666666667
iris,10,2,Raw,AGG,0.5159140644477069,0.5690350974064425,0.7533333333333333
iris,10,2,Raw,DPC,0.24078314175653465,0.23986696063442506,0.6
iris,10,2,HIBOG,KM,0.47884907279086647,0.5414576421977475,0.66
iris,10,2,HIBOG,AGG,0.4782254452843831,0.5407368112947756,0.6666666666666666
iris,10,2,HIBOG,DPC,0.5602631314971147,0.6092788465238723,0.7866666666666666
iris,10,2,HIACSP,KM,0.45770041205264167,0.5120871039051964,0.6733333333333333
iris,10,2,HIACSP,AGG,0.45875085941348753,0.5130003305020941,0.6666666666666666
iris,10,2,HIACSP,DPC,0.4272455722099949,0.5659203331955923,0.5666666666666667
iris,10,2,HIACSP-WF,KM,0.4499844552058769,0.5022432054708952,0.6733333333333333
iris,10,2,HIACSP-WF,AGG,0.4634261597875149,0.5069558110097969,0.72
iris,10,2,HIACSP-WF,DPC,0.468449177619795,0.520424719372777,0.7
iris,10,2,SEW-GSP,KM,0.7195837484778036,0.7837403461384025,0.8866666666666667
iris,10,2,SEW-GSP,AGG,0.6844056129203071,0.7649659696235372,0.8666666666666667
iris,10,2,SEW-GSP,DPC,0.5637661201298102,0.7038049920406223,0.74
iris,20,2,Raw,KM,0.4950568055821977,0.5805087754846946,0.6866666666666666
iris,20,2,Raw,AGG,0.45353520296412086,0.49306332474369136,0.6866666666666666
iris,20,2,Raw,DPC,0.0966373352061402,0.15994363893425184,0.5066666666666667
iris,20,2,HIBOG,KM,0.5185616787205868,0.5952467151294275,0.74
iris,20,2,HIBOG,AGG,0.513604387353714,0.5917628596963764,0.7333333333333333
iris,20,2,HIBOG,DPC,0.5128984886740585,0.5968210629828454,0.7133333333333334
iris,20,2,HIACSP,KM,0.5006338376831464,0.5839087340451834,0.7066666666666667
iris,20,2,HIACSP,AGG,0.5072675536414674,0.5900235911265471,0.7133333333333334
iris,20,2,HIACSP,DPC,0.5570282741321111,0.649019807134825,0.76
iris,20,2,HIACSP-WF,KM,0.5134693877551021,0.5915989204737705,0.7333333333333333
iris,20,2,HIACSP-WF,AGG,0.493780381538595,0.5609099873467694,0.7066666666666667
iris,20,2,HIACSP-WF,DPC,0.42885675252168487,0.6159920022560138,0.54
iris,20,2,SEW-GSP,KM,0.7733799163281196,0.8138214462814856,0.9133333333333333
iris,20,2,SEW-GSP,AGG,0.6356968215158925,0.7396673768007592,0.8333333333333334
iris,20,2,SEW-GSP,DPC,0.6356968215158925,0.7396673768007591,0.8333333333333334
iris,40,2,Raw,KM,0.44007743488799594,0.49188541467660474,0.6533333333333333
iris,40,2,Raw,AGG,0.3094289347459947,0.31396468775097164,0.6
iris,40,2,Raw,DPC,0.11918337021304087,0.13784945085560832,0.5533333333333333
iris,40,2,HIBOG,KM,0.4478899447680203,0.48502111193561254,0.6533333333333333
iris,40,2,HIBOG,AGG,0.5283662040418797,0.6061715443058456,0.7066666666666667
iris,40,2,HIBOG,DPC,0.516434309445293,0.5760256383590742,0.7
iris,40,2,HIACSP,KM,0.4525104988413911,0.5050148353765116,0.66
iris,40,2,HIACSP,AGG,0.4458970982062439,0.4823422499176982,0.6533333333333333
iris,40,2,HIACSP,DPC,0.1319121504648306,0.1253168165584507,0.5333333333333333
iris,40,2,HIACSP-WF,KM,0.4275213702390605,0.468410191468671,0.6666666666666666
iris,40,2,HIACSP-WF,AGG,0.3541250857405144,0.4161234010184545,0.6666666666666666
iris,40,2,HIACSP-WF,DPC,0.04148752190990724,0.07599529243132294,0.42
iris,40,2,SEW-GSP,KM,0.7861639322874197,0.7808311536749418,0.92
iris,40,2,SEW-GSP,AGG,0.7073626391173137,0.7771535104605841,0.88
iris,40,2,SEW-GSP,DPC,0.7429751965483791,0.7577910040723149,0.9
wine,0,0,Raw,KM,0.8685425493202144,0.8529287764511979,0.9550561797752809
wine,0,0,Raw,AGG,0.9310001175059304,0.9086408950328255,0.9775280898876404
wine,0,0,Raw,DPC,0.6723804193834371,0.7104345592053429,0.8820224719101124
wine,0,0,HIBOG,KM,0.8685425493202144,0.8529287764511979,0.9550561797752809
wine,0,0,HIBOG,AGG,0.8536602842727952,0.8416799159471821,0.949438202247191
wine,0,0,HIBOG,DPC,0.8685425493202144,0.8529287764511979,0.9550561797752809
wine,0,0,HIACSP,KM,0.8348940044607465,0.8102264922619373,0.9438202247191011
wine,0,0,HIACSP,AGG,0.8349550113790005,0.8075657594783565,0.9438202247191011
wine,0,0,HIACSP,DPC,0.8349550113790005,0.8075657594783567,0.9438202247191011
wine,0,0,HIACSP-WF,KM,0.9134057078950064,0.8822911239794234,0.9719101123595506
wine,0,0,HIACSP-WF,AGG,0.9134057078950064,0.8822911239794234,0.9719101123595506
wine,0,0,HIACSP-WF,DPC,0.9134057078950064,0.8822911239794233,0.9719101123595506
wine,0,0,SEW-GSP,KM,0.8497777046575704,0.8335668799331365,0.949438202247191
wine,0,0,SEW-GSP,AGG,0.8497777046575704,0.8335668799331365,0.949438202247191
wine,0,0,SEW-GSP,DPC,0.8497777046575704,0.8335668799331365,0.949438202247191
wine,10,0,Raw,KM,0.799298044238133,0.7859701358541648,0.9325842696629213
wine,10,0,Raw,AGG,0.5906860021091511,0.5737620579634649,0.848314606741573
wine,10,0,Raw,DPC,0.024847326508553827,0.0855336212701443,0.43258426966292135
wine,10,0,HIBOG,KM,0.683877560655115,0.6795067769762182,0.8876404494382022
wine,10,0,HIBOG,AGG,0.683877560655115,0.6795067769762182,0.8876404494382022
wine,10,0,HIBOG,DPC,0.7117061114159148,0.6987893502182096,0.898876404494382
wine,10,0,HIACSP,KM,0.8462065366773447,0.8388362445743244,0.949438202247191
wine,10,0,HIACSP,AGG,0.6855044528646791,0.7181440063626453,0.8876404494382022
wine,10,0,HIACSP,DPC,0.6076384672608283,0.6179172693217361,0.8539325842696629
wine,10,0,HIACSP-WF,KM,0.2775956043263895,0.3320741177049571,0.6348314606741573
wine,10,0,HIACSP-WF,AGG,0.28866296688984855,0.36662832006236357,0.6235955056179775
wine,10,0,HIACSP-WF,DPC,0.055575242226278715,0.12160033914491206,0.5
wine,10,0,SEW-GSP,KM,0.8497915802178685,0.8222262720633557,0.949438202247191
wine,10,0,SEW-GSP,AGG,0.8497915802178685,0.8222262720633557,0.949438202247191
wine,10,0,SEW-GSP,DPC,0.8497915802178685,0.8222262720633557,0.949438202247191
wine,20,0,Raw,KM,0.6193040385750459,0.6221473123952681,0.8595505617977528
wine,20,0,Raw,AGG,0.4010231950007171,0.46312836297033927,0.7247191011235955
wine,20,0,Raw,DPC,0.2301621916630111,0.2800668088361422,0.6123595505617978
wine,20,0,HIBOG,KM,0.5310772469498294,0.5682358319772897,0.8146067415730337
wine,20,0,HIBOG,AGG,0.493105705616552,0.5451542167208526,0.7921348314606742
wine,20,0,HIBOG,DPC,0.5025167849674443,0.5527303361390985,0.797752808988764
wine,20,0,HIACSP,KM,0.7107614368027562,0.6920312997587682,0.898876404494382
wine,20,0,HIACSP,AGG,0.7115702885838796,0.7155212257968819,0.898876404494382
wine,20,0,HIACSP,DPC,0.30932716806628097,0.36442999551228716,0.6685393258426966
wine,20,0,HIACSP-WF,KM,0.12622239873366142,0.1361407256852519,0.5674157303370787
wine,20,0,HIACSP-WF,AGG,0.08492990518896423,0.11838925665684231,0.5337078651685393
wine,20,0,HIACSP-WF,DPC,-0.001429810916204433,0.019310533689711282,0.39325842696629215
wine,20,0,SEW-GSP,KM,0.8837096104912531,0.8650291573936004,0.9606741573033708
wine,20,0,SEW-GSP,AGG,0.8837096104912531,0.8650291573936004,0.9606741573033708
wine,20,0,SEW-GSP,DPC,0.8837096104912531,0.8650291573936004,0.9606741573033708
wine,40,0,Raw,KM,0.3717866898767522,0.39243717718158894,0.7247191011235955
wine,40,0,Raw,AGG,0.2759573451947442,0.331732484864931,0.6179775280898876
wine,40,0,Raw,DPC,0.027722419131168644,0.08341839200480643,0.43258426966292135
wine,40,0,HIBOG,KM,0.3706797720487198,0.46371435363630803,0.6853932584269663
wine,40,0,HIBOG,AGG,0.3216484627447028,0.3967306960665204,0.6292134831460674
wine,40,0,HIBOG,DPC,0.047575925284908754,0.1445398120087508,0.5056179775280899
wine,40,0,HIACSP,KM,0.44684660484948985,0.4755440132220908,0.7696629213483146
wine,40,0,HIACSP,AGG,0.28343326215363684,0.34199573972573594,0.651685393258427
wine,40,0,HIACSP,DPC,0.09892347817391726,0.18653485470926953,0.5112359550561798
wine,40,0,HIACSP-WF,KM,0.02034174382646748,0.033753874817185774,0.4044943820224719
wine,40,0,HIACSP-WF,AGG,0.013881563672520008,0.023652465676844883,0.4101123595505618
wine,40,0,HIACSP-WF,DPC,0.014833108885692245,0.031001765049770137,0.42696629213483145
wine,40,0,SEW-GSP,KM,0.8837096104912531,0.8650291573936004,0.9606741573033708
wine,40,0,SEW-GSP,AGG,0.8837096104912531,0.8650291573936004,0.9606741573033708
wine,40,0,SEW-GSP,DPC,0.8837096104912531,0.8650291573936004,0.9606741573033708
wine,0,1,Raw,KM,0.8685425493202144,0.8529287764511979,0.9550561797752809
wine,0,1,Raw,AGG,0.9310001175059304,0.9086408950328255,0.9775280898876404
wine,0,1,Raw,DPC,0.6723804193834371,0.7104345592053429,0.8820224719101124
wine,0,1,HIBOG,KM,0.8685425493202144,0.8529287764511979,0.9550561797752809
wine,0,1,HIBOG,AGG,0.8536602842727952,0.8416799159471821,0.949438202247191
wine,0,1,HIBOG,DPC,0.8685425493202144,0.8529287764511979,0.9550561797752809
wine,0,1,HIACSP,KM,0.8348940044607465,0.8102264922619373,0.9438202247191011
wine,0,1,HIACSP,AGG,0.8349550113790005,0.8075657594783565,0.9438202247191011
wine,0,1,HIACSP,DPC,0.8349550113790005,0.8075657594783567,0.9438202247191011
wine,0,1,HIACSP-WF,KM,0.9134057078950064,0.8822911239794234,0.9719101123595506
wine,0,1,HIACSP-WF,AGG,0.9134057078950064,0.8822911239794234,0.9719101123595506
wine,0,1,HIACSP-WF,DPC,0.9134057078950064,0.8822911239794233,0.9719101123595506
wine,0,1,SEW-GSP,KM,0.8497777046575704,0.8335668799331365,0.949438202247191
wine,0,1,SEW-GSP,AGG,0.8497777046575704,0.8335668799331365,0.949438202247191
wine,0,1,SEW-GSP,DPC,0.8497777046575704,0.8335668799331365,0.949438202247191
wine,10,1,Raw,KM,0.8170136518024129,0.7884841145348113,0.9382022471910112
wine,10,1,Raw,AGG,0.5499151885680684,0.5160204305040883,0.8314606741573034
wine,10,1,Raw,DPC,0.37374424817667834,0.4785953969765289,0.6797752808988764
wine,10,1,HIBOG,KM,0.7549912539763839,0.7312807491176675,0.9157303370786517
wine,10,1,HIBOG,AGG,0.6352509350145572,0.6495084748024491,0.8651685393258427
wine,10,1,HIBOG,DPC,0.6231114537495619,0.6695334360595574,0.8595505617977528
wine,10,1,HIACSP,KM,0.7695975678036908,0.7448105261190798,0.9213483146067416
wine,10,1,HIACSP,AGG,0.7495584507125437,0.7367092948824319,0.9157303370786517
wine,10,1,HIACSP,DPC,0.5243273714820242,0.5833932565256361,0.8089887640449438
wine,10,1,HIACSP-WF,KM,0.421567533825897,0.45392986591419804,0.7584269662921348
wine,10,1,HIACSP-WF,AGG,0.4845311235061584,0.5156153328266538,0.7921348314606742
wine,10,1,HIACSP-WF,DPC,0.288491313790349,0.3259521613108417,0.6404494382022472
wine,10,1,SEW-GSP,KM,0.8203011716576761,0.8103790659914615,0.9382022471910112
wine,10,1,SEW-GSP,AGG,0.8536602842727952,0.8416799159471821,0.949438202247191
wine,10,1,SEW-GSP,DPC,0.8536602842727952,0.8416799159471821,0.949438202247191
wine,20,1,Raw,KM,0.7135168951543999,0.6995914672409215,0.898876404494382
wine,20,1,Raw,AGG,0.5085907274255491,0.5143892215654134,0.8089887640449438
wine,20,1,Raw,DPC,0.05941850778332165,0.0973267080537579,0.5056179775280899
wine,20,1,HIBOG,KM,0.6576521488700003,0.6400265924124547,0.8764044943820225
wine,20,1,HIBOG,AGG,0.6177946027924951,0.6110605745228129,0.8595505617977528
wine,20,1,HIBOG,DPC,0.2967916763543786,0.37429071323907936,0.5730337078651685
wine,20,1,HIACSP,KM,0.6737940654897535,0.6550451213224624,0.8820224719101124
wine,20,1,HIACSP,AGG,0.5032367811208643,0.5361494893703553,0.797752808988764
wine,20,1,HIACSP,DPC,0.0688880856600165,0.2151318994296892,0.43820224719101125
wine,20,1,HIACSP-WF,KM,0.06713150315097653,0.06505697445586606,0.5168539325842697
wine,20,1,HIACSP-WF,AGG,0.0603002981295492,0.05929710777343243,0.5112359550561798
wine,20,1,HIACSP-WF,DPC,0.16593081796614,0.190266310408576,0.5674157303370787
wine,20,1,SEW-GSP,KM,0.8516784957125401,0.8266122596345801,0.949438202247191
wine,20,1,SEW-GSP,AGG,0.9134854382421341,0.8822153594294462,0.9719101123595506
wine,20,1,SEW-GSP,DPC,0.8516784957125401,0.8266122596345801,0.949438202247191
wine,40,1,Raw,KM,0.40358061729257655,0.45574458283799363,0.7415730337078652
wine,40,1,Raw,AGG,0.2268895977356035,0.2806319107903007,0.6179775280898876
wine,40,1,Raw,DPC,0.0038259809014563645,0.08118554495079103,0.4101123595505618
wine,40,1,HIBOG,KM,0.3710513209483859,0.4162286360137612,0.7247191011235955
wine,40,1,HIBOG,AGG,0.28900911517671835,0.3467068379506245,0.651685393258427
wine,40,1,HIBOG,DPC,0.2403715267333733,0.30959416902703507,0.6235955056179775
wine,40,1,HIACSP,KM,0.49862867486286794,0.5312721800671619,0.797752808988764
wine,40,1,HIACSP,AGG,0.3984215658327802,0.4417270102015976,0.7359550561797753
wine,40,1,HIACSP,DPC,0.27855935954033484,0.3541230294099622,0.6292134831460674
wine,40,1,HIACSP-WF,KM,0.017384776408196533,0.02395771294072257,0.38202247191011235
wine,40,1,HIACSP-WF,AGG,0.07502296802053211,0.07790123323447182,0.43820224719101125
wine,40,1,HIACSP-WF,DPC,0.023136748822168998,0.04653373811133073,0.4044943820224719
wine,40,1,SEW-GSP,KM,0.8837632925841449,0.857921131348703,0.9606741573033708
wine,40,1,SEW-GSP,AGG,0.8497915802178685,0.8222262720633557,0.949438202247191
wine,40,1,SEW-GSP,DPC,0.8497915802178685,0.8222262720633557,0.949438202247191
wine,0,2,Raw,KM,0.8685425493202144,0.8529287764511979,0.9550561797752809
wine,0,2,Raw,AGG,0.9310001175059304,0.9086408950328255,0.9775280898876404
wine,0,2,Raw,DPC,0.6723804193834371,0.7104345592053429,0.8820224719101124
wine,0,2,HIBOG,KM,0.8685425493202144,0.8529287764511979,0.9550561797752809
wine,0,2,HIBOG,AGG,0.8536602842727952,0.8416799159471821,0.949438202247191
wine,0,2,HIBOG,DPC,0.8685425493202144,0.8529287764511979,0.9550561797752809
wine,0,2,HIACSP,KM,0.8348940044607465,0.8102264922619373,0.9438202247191011
wine,0,2,HIACSP,AGG,0.8349550113790005,0.8075657594783565,0.9438202247191011
wine,0,2,HIACSP,DPC,0.8349550113790005,0.8075657594783567,0.9438202247191011
wine,0,2,HIACSP-WF,KM,0.9134057078950064,0.8822911239794234,0.9719101123595506
wine,0,2,HIACSP-WF,AGG,0.9134057078950064,0.8822911239794234,0.9719101123595506
wine,0,2,HIACSP-WF,DPC,0.9134057078950064,0.8822911239794233,0.9719101123595506
wine,0,2,SEW-GSP,KM,0.8497777046575704,0.8335668799331365,0.949438202247191
wine,0,2,SEW-GSP,AGG,0.8497777046575704,0.8335668799331365,0.949438202247191
wine,0,2,SEW-GSP,DPC,0.8497777046575704,0.8335668799331365,0.949438202247191
wine,10,2,Raw,KM,0.7740511302753378,0.7606368033395664,0.9213483146067416
wine,10,2,Raw,AGG,0.32220092358947117,0.41095241018517453,0.6404494382022472
wine,10,2,Raw,DPC,0.4023477950275605,0.38706912177784814,0.7584269662921348
wine,10,2,HIBOG,KM,0.7864621715456357,0.7559850827814101,0.9269662921348315
wine,10,2,HIBOG,AGG,0.7706392424150511,0.7371501427919163,0.9213483146067416
wine,10,2,HIBOG,DPC,0.7706392424150511,0.7371501427919164,0.9213483146067416
wine,10,2,HIACSP,KM,0.8026001638289175,0.7624094355317299,0.9325842696629213
wine,10,2,HIACSP,AGG,0.7260804583442606,0.688197909294603,0.9044943820224719
wine,10,2,HIACSP,DPC,0.5143074608060569,0.556039793464473,0.8089887640449438
wine,10,2,HIACSP-WF,KM,0.2720197130840512,0.3008048694578271,0.6348314606741573
wine,10,2,HIACSP-WF,AGG,0.30230737347700987,0.3398612494504505,0.6629213483146067
wine,10,2,HIACSP-WF,DPC,0.24860152372637545,0.2905787962691236,0.6404494382022472
wine,10,2,SEW-GSP,KM,0.8169967483684255,0.7939835786746009,0.9382022471910112
wine,10,2,SEW-GSP,AGG,0.8666327200535409,0.8387299495968298,0.9550561797752809
wine,10,2,SEW-GSP,DPC,0.8666327200535409,0.8387299495968294,0.9550561797752809
wine,20,2,Raw,KM,0.800317892096532,0.7715287092343783,0.9325842696629213
wine,20,2,Raw,AGG,0.4121176120202767,0.44771019798373396,0.7528089887640449
wine,20,2,Raw,DPC,0.07175546624673819,0.06678363776884652,0.47752808988764045
wine,20,2,HIBOG,KM,0.7005945771293939,0.678503440006699,0.8932584269662921
wine,20,2,HIBOG,AGG,0.7024986064110416,0.6818142485742794,0.8932584269662921
wine,20,2,HIBOG,DPC,0.7439040360961758,0.7161006088707224,0.9101123595505618
wine,20,2,HIACSP,KM,0.7151543197888023,0.7040315938837366,0.898876404494382
wine,20,2,HIACSP,AGG,0.7265883824383715,0.686391101364999,0.9044943820224719
wine,20,2,HIACSP,DPC,0.4590213451866818,0.4827499863907008,0.7808988764044944
wine,20,2,HIACSP-WF,KM,0.11264482034462685,0.1626505477532488,0.5337078651685393
wine,20,2,HIACSP-WF,AGG,0.1268700870412478,0.16193423088399403,0.48314606741573035
wine,20,2,HIACSP-WF,DPC,-0.00015104270466026278,0.03237803409462149,0.4101123595505618
wine,20,2,SEW-GSP,KM,0.8497915802178685,0.8222262720633557,0.949438202247191
wine,20,2,SEW-GSP,AGG,0.8497915802178685,0.8222262720633557,0.949438202247191
wine,20,2,SEW-GSP,DPC,0.8497915802178685,0.8222262720633557,0.949438202247191
wine,40,2,Raw,KM,0.4848393105177784,0.48067395708543575,0.797752808988764
wine,40,2,Raw,AGG,0.22146404233189465,0.23393105989286198,0.651685393258427
wine,40,2,Raw,DPC,-0.001429874107294548,0.023992371880505528,0.39325842696629215
wine,40,2,HIBOG,KM,0.3499282797852011,0.3933387017653156,0.7191011235955056
wine,40,2,HIBOG,AGG,0.3811973292192077,0.37876659602507573,0.7528089887640449
wine,40,2,HIBOG,DPC,0.2696430059794677,0.2844056246809585,0.6853932584269663
wine,40,2,HIACSP,KM,0.46765119083791906,0.4456853658008416,0.7921348314606742
wine,40,2,HIACSP,AGG,0.32754832202560036,0.3612249007669122,0.702247191011236
wine,40,2,HIACSP,DPC,0.021330766067307806,0.07137311303073063,0.4606741573033708
wine,40,2,HIACSP-WF,KM,0.07802430590883479,0.10403594667803676,0.4887640449438202
wine,40,2,HIACSP-WF,AGG,0.09797432663905199,0.13920608062233872,0.5224719101123596
wine,40,2,HIACSP-WF,DPC,0.050712163061843916,0.07283682964054917,0.42696629213483145
wine,40,2,SEW-GSP,KM,0.8665957604928709,0.8484289241052019,0.9550561797752809
wine,40,2,SEW-GSP,AGG,0.8665957604928709,0.8484289241052019,0.9550561797752809
wine,40,2,SEW-GSP,DPC,0.8665957604928709,0.8484289241052019,0.9550561797752809
wdbc,0,0,Raw,KM,0.7301749027614344,0.6230860242027795,0.9279437609841827
wdbc,0,0,Raw,AGG,0.5383388964592652,0.4169648665127625,0.8681898066783831
wdbc,0,0,Raw,DPC,-0.0050129603420545794,0.0022619399417926735,0.6186291739894552
wdbc,0,0,HIBOG,KM,0.7857826638368578,0.6958330679535172,0.9437609841827768
wdbc,0,0,HIBOG,AGG,0.7920586769866512,0.7071244630541574,0.945518453427065
wdbc,0,0,HIBOG,DPC,0.7920586769866512,0.7071244630541574,0.945518453427065
wdbc,0,0,HIACSP,KM,0.7920586769866512,0.7071244630541574,0.945518453427065
wdbc,0,0,HIACSP,AGG,0.7984232817878253,0.7135384880885878,0.9472759226713533
wdbc,0,0,HIACSP,DPC,0.7921219987183666,0.7022378113320765,0.945518453427065
wdbc,0,0,HIACSP-WF,KM,0.7984840201835545,0.7087315281517461,0.9472759226713533
wdbc,0,0,HIACSP-WF,AGG,0.7921219987183666,0.7022378113320765,0.945518453427065
wdbc,0,0,HIACSP-WF,DPC,0.7794659958352254,0.6895137912158544,0.9420035149384886
wdbc,0,0,SEW-GSP,KM,0.798361233599978,0.7193557156621729,0.9472759226713533
wdbc,0,0,SEW-GSP,AGG,0.798361233599978,0.7193557156621729,0.9472759226713533
wdbc,0,0,SEW-GSP,DPC,0.7920586769866512,0.7071244630541574,0.945518453427065
wdbc,10,0,Raw,KM,0.7300927113207235,0.6258918649773796,0.9279437609841827
wdbc,10,0,Raw,AGG,0.6025450596582606,0.48318297865742277,0.8892794376098418
wdbc,10,0,Raw,DPC,0.007498125224808247,0.009910541781928173,0.5483304042179262
wdbc,10,0,HIBOG,KM,0.7051123260188782,0.6399866117978488,0.9209138840070299
wdbc,10,0,HIBOG,AGG,0.6991892990320389,0.6264148015048991,0.9191564147627417
wdbc,10,0,HIBOG,DPC,-0.009251823954581207,0.08992573639447149,0.5536028119507909
wdbc,10,0,HIACSP,KM,0.6995074869195456,0.6088810057509179,0.9191564147627417
wdbc,10,0,HIACSP,AGG,0.7122049301718494,0.5985238916608853,0.9226713532513181
wdbc,10,0,HIACSP,DPC,0.045583462546803545,0.027767095545377,0.6098418277680141
wdbc,10,0,HIACSP-WF,KM,0.606672913136577,0.5141895251025285,0.8910369068541301
wdbc,10,0,HIACSP-WF,AGG,0.379824434694312,0.3309083289598245,0.8137082601054482
wdbc,10,0,HIACSP-WF,DPC,0.04511494939772765,0.0349806509749717,0.6080843585237259
wdbc,10,0,SEW-GSP,KM,0.7793273782053677,0.7005890475978879,0.9420035149384886
wdbc,10,0,SEW-GSP,AGG,0.7856493910735913,0.7067644082034221,0.9437609841827768
wdbc,10,0,SEW-GSP,DPC,0.4451683460974459,0.44262874372628347,0.8383128295254832
wdbc,20,0,Raw,KM,0.7060940598260634,0.5946661503989353,0.9209138840070299
wdbc,20,0,Raw,AGG,0.5641487702516679,0.4472045813498954,0.8769771528998243
wdbc,20,0,Raw,DPC,-0.021899954932589945,0.02034275361256315,0.5905096660808435
wdbc,20,0,HIBOG,KM,0.6229801092399959,0.5537649402317985,0.8963093145869947
wdbc,20,0,HIBOG,AGG,0.6057399215729465,0.5468441108835271,0.8910369068541301
wdbc,20,0,HIBOG,DPC,0.18540790807264376,0.12592637763986647,0.7170474516695958
wdbc,20,0,HIACSP,KM,0.7056272733081302,0.6100020229185407,0.9209138840070299
wdbc,20,0,HIACSP,AGG,0.6581142684600398,0.5672324204961612,0.9068541300527241
wdbc,20,0,HIACSP,DPC,0.1482438899733721,0.0861476620777839,0.6994727592267135
wdbc,20,0,HIACSP-WF,KM,0.2385830846714464,0.1774861073016519,0.7451669595782073
wdbc,20,0,HIACSP-WF,AGG,0.12249220289091914,0.06734723293175447,0.6836555360281195
wdbc,20,0,HIACSP-WF,DPC,0.010309526592239344,0.001720842440932551,0.5834797891036907
wdbc,20,0,SEW-GSP,KM,0.7856493910735913,0.7067644082034221,0.9437609841827768
wdbc,20,0,SEW-GSP,AGG,0.786032525679854,0.6824713217272977,0.9437609841827768
wdbc,20,0,SEW-GSP,DPC,0.6574719357715447,0.5988225826481421,0.9068541300527241
wdbc,40,0,Raw,KM,0.7002695329036516,0.5849318520074962,0.9191564147627417
wdbc,40,0,Raw,AGG,0.35458288526465626,0.3484628364033234,0.804920913884007
wdbc,40,0,Raw,DPC,0.10007035910157423,0.051509842625485906,0.6695957820738138
wdbc,40,0,HIBOG,KM,0.5397830073978146,0.4790487986252376,0.8699472759226714
wdbc,40,0,HIBOG,AGG,0.545767681945013,0.467687868482664,0.8717047451669596
wdbc,40,0,HIBOG,DPC,-0.0268253381752654,0.019286145180179414,0.5413005272407733
wdbc,40,0,HIACSP,KM,0.6818005645280225,0.5841593550207944,0.9138840070298769
wdbc,40,0,HIACSP,AGG,0.6024214432499674,0.4845055828485833,0.8892794376098418
wdbc,40,0,HIACSP,DPC,0.10876732822615387,0.05780039384589872,0.6766256590509666
wdbc,40,0,HIACSP-WF,KM,0.3496276726346097,0.24658392625936462,0.7978910369068541
wdbc,40,0,HIACSP-WF,AGG,0.007309359185852991,0.014643903340562505,0.5500878734622144
wdbc,40,0,HIACSP-WF,DPC,-0.003932493030921423,0.00012939987403887013,0.5641476274165202
wdbc,40,0,SEW-GSP,KM,0.7730279453443412,0.6944900059745791,0.9402460456942003
wdbc,40,0,SEW-GSP,AGG,0.6219380152956256,0.5672009616035179,0.8945518453427065
wdbc,40,0,SEW-GSP,DPC,0.44016554058509155,0.4387704404238194,0.836555360281195
wdbc,0,1,Raw,KM,0.7301749027614344,0.6230860242027795,0.9279437609841827
wdbc,0,1,Raw,AGG,0.5383388964592652,0.4169648665127625,0.8681898066783831
wdbc,0,1,Raw,DPC,-0.0050129603420545794,0.0022619399417926735,0.6186291739894552
wdbc,0,1,HIBOG,KM,0.7857826638368578,0.6958330679535172,0.9437609841827768
wdbc,0,1,HIBOG,AGG,0.7920586769866512,0.7071244630541574,0.945518453427065
wdbc,0,1,HIBOG,DPC,0.7920586769866512,0.7071244630541574,0.945518453427065
wdbc,0,1,HIACSP,KM,0.7920586769866512,0.7071244630541574,0.945518453427065
wdbc,0,1,HIACSP,AGG,0.7984232817878253,0.7135384880885878,0.9472759226713533
wdbc,0,1,HIACSP,DPC,0.7921219987183666,0.7022378113320765,0.945518453427065
wdbc,0,1,HIACSP-WF,KM,0.7984840201835545,0.7087315281517461,0.9472759226713533
wdbc,0,1,HIACSP-WF,AGG,0.7921219987183666,0.7022378113320765,0.945518453427065
wdbc,0,1,HIACSP-WF,DPC,0.7794659958352254,0.6895137912158544,0.9420035149384886
wdbc,0,1,SEW-GSP,KM,0.798361233599978,0.7193557156621729,0.9472759226713533
wdbc,0,1,SEW-GSP,AGG,0.798361233599978,0.7193557156621729,0.9472759226713533
wdbc,0,1,SEW-GSP,DPC,0.7920586769866512,0.7071244630541574,0.945518453427065
wdbc,10,1,Raw,KM,0.7239905717069828,0.6199988041857988,0.9261862917398945
wdbc,10,1,Raw,AGG,0.554047753756853,0.43264591413672376,0.8734622144112478
wdbc,10,1,Raw,DPC,0.041848295475816595,0.02612850648533282,0.648506151142355
wdbc,10,1,HIBOG,KM,0.6875334711772474,0.598067945446479,0.9156414762741653
wdbc,10,1,HIBOG,AGG,0.669740483551899,0.5822371519271263,0.9103690685413005
wdbc,10,1,HIBOG,DPC,0.669740483551899,0.5822371519271263,0.9103690685413005
wdbc,10,1,HIACSP,KM,0.7608006141586142,0.6626957118108623,0.9367311072056239
wdbc,10,1,HIACSP,AGG,0.7671814058904588,0.6628384645361229,0.9384885764499121
wdbc,10,1,HIACSP,DPC,0.17040278641827614,0.19828038960112573,0.7082601054481547
wdbc,10,1,HIACSP-WF,KM,0.5842829619631641,0.49522605941905834,0.8840070298769771
wdbc,10,1,HIACSP-WF,AGG,0.34619805386577496,0.32650452227692855,0.8014059753954306
wdbc,10,1,HIACSP-WF,DPC,-0.01973641909419281,0.010746228340291977,0.5307557117750439
wdbc,10,1,SEW-GSP,KM,0.8047511021471975,0.7257779859963679,0.9490333919156415
wdbc,10,1,SEW-GSP,AGG,0.6219125384992217,0.5610638580631988,0.8945518453427065
wdbc,10,1,SEW-GSP,DPC,0.6169528919271422,0.5650044971697553,0.8945518453427065
wdbc,20,1,Raw,KM,0.7183312774061092,0.602857022633565,0.9244288224956063
wdbc,20,1,Raw,AGG,0.5546765185415963,0.43079396258011265,0.8734622144112478
wdbc,20,1,Raw,DPC,-0.02996803834523779,0.03039126140734239,0.5676625659050967
wdbc,20,1,HIBOG,KM,0.6520192694002739,0.5721667253250194,0.9050966608084359
wdbc,20,1,HIBOG,AGG,0.6294194215941294,0.533787970912373,0.8980667838312829
wdbc,20,1,HIBOG,DPC,0.002817023933094582,0.0009958649730337588,0.6274165202108963
wdbc,20,1,HIACSP,KM,0.6814667090961611,0.5978830532230657,0.9138840070298769
wdbc,20,1,HIACSP,AGG,0.6835514640527162,0.562130646185038,0.9138840070298769
wdbc,20,1,HIACSP,DPC,-0.008101599196323746,0.10892094543473346,0.5588752196836555
wdbc,20,1,HIACSP-WF,KM,0.23231886539245505,0.19676201912933253,0.7416520210896309
wdbc,20,1,HIACSP-WF,AGG,0.26116649647229717,0.24094938061439292,0.7662565905096661
wdbc,20,1,HIACSP-WF,DPC,0.1474098688750819,0.08634380478400847,0.7012302284710018
wdbc,20,1,SEW-GSP,KM,0.798361233599978,0.7193557156621729,0.9472759226713533
wdbc,20,1,SEW-GSP,AGG,0.824108623556977,0.740123750169016,0.9543057996485061
wdbc,20,1,SEW-GSP,DPC,0.6285693217549423,0.5657702602938591,0.8980667838312829
wdbc,40,1,Raw,KM,0.7422062623745789,0.644510459456927,0.9314586994727593
wdbc,40,1,Raw,AGG,0.5010381333170265,0.3895356996184752,0.8558875219683656
wdbc,40,1,Raw,DPC,0.005150807268088122,0.0007967390849963376,0.6203866432337434
wdbc,40,1,HIBOG,KM,0.5613335587227746,0.5031028556022829,0.8769771528998243
wdbc,40,1,HIBOG,AGG,0.5504120976446464,0.4943017260988455,0.8734622144112478
wdbc,40,1,HIBOG,DPC,-0.027336644427413605,0.10205977912753393,0.5254833040421792
wdbc,40,1,HIACSP,KM,0.6287171636704495,0.5585803704896704,0.8980667838312829
wdbc,40,1,HIACSP,AGG,0.6311620460690764,0.5066221951865316,0.8980667838312829
wdbc,40,1,HIACSP,DPC,-0.021284459171169865,0.009422636194971832,0.5641476274165202
wdbc,40,1,HIACSP-WF,KM,0.12836609376831118,0.10679536028655247,0.680140597539543
wdbc,40,1,HIACSP-WF,AGG,0.22694237105221782,0.1470563568567792,0.7434094903339191
wdbc,40,1,HIACSP-WF,DPC,-0.0017685760343681715,2.531313134464828e-06,0.5325131810193322
wdbc,40,1,SEW-GSP,KM,0.7667510735506516,0.688464601587394,0.9384885764499121
wdbc,40,1,SEW-GSP,AGG,0.7919940030906254,0.713018946330885,0.945518453427065
wdbc,40,1,SEW-GSP,DPC,0.5775172875382633,0.5329130149540922,0.8822495606326889
wdbc,0,2,Raw,KM,0.7301749027614344,0.6230860242027795,0.9279437609841827
wdbc,0,2,Raw,AGG,0.5383388964592652,0.4169648665127625,0.8681898066783831
wdbc,0,2,Raw,DPC,-0.0050129603420545794,0.0022619399417926735,0.6186291739894552
wdbc,0,2,HIBOG,KM,0.7857826638368578,0.6958330679535172,0.9437609841827768
wdbc,0,2,HIBOG,AGG,0.7920586769866512,0.7071244630541574,0.945518453427065
wdbc,0,2,HIBOG,DPC,0.7920586769866512,0.7071244630541574,0.945518453427065
wdbc,0,2,HIACSP,KM,0.7920586769866512,0.7071244630541574,0.945518453427065
wdbc,0,2,HIACSP,AGG,0.7984232817878253,0.7135384880885878,0.9472759226713533
wdbc,0,2,HIACSP,DPC,0.7921219987183666,0.7022378113320765,0.945518453427065
wdbc,0,2,HIACSP-WF,KM,0.7984840201835545,0.7087315281517461,0.9472759226713533
wdbc,0,2,HIACSP-WF,AGG,0.7921219987183666,0.7022378113320765,0.945518453427065
wdbc,0,2,HIACSP-WF,DPC,0.7794659958352254,0.6895137912158544,0.9420035149384886
wdbc,0,2,SEW-GSP,KM,0.798361233599978,0.7193557156621729,0.9472759226713533
wdbc,0,2,SEW-GSP,AGG,0.798361233599978,0.7193557156621729,0.9472759226713533
wdbc,0,2,SEW-GSP,DPC,0.7920586769866512,0.7071244630541574,0.945518453427065
wdbc,10,2,Raw,KM,0.7120332596968934,0.6028193097483774,0.9226713532513181
wdbc,10,2,Raw,AGG,0.5380605577620475,0.4182508184246237,0.8681898066783831
wdbc,10,2,Raw,DPC,-0.008885519167296078,0.0011277519011914255,0.5588752196836555
wdbc,10,2,HIBOG,KM,0.6992973396345097,0.6196600040698166,0.9191564147627417
wdbc,10,2,HIBOG,AGG,0.6359051450444059,0.5221769599073065,0.8998242530755711
wdbc,10,2,HIBOG,DPC,0.6932929450928265,0.6143131831647488,0.9173989455184535
wdbc,10,2,HIACSP,KM,0.7175418041010524,0.6303954571139343,0.9244288224956063
wdbc,10,2,HIACSP,AGG,0.614512824860635,0.48926087833661425,0.8927943760984183
wdbc,10,2,HIACSP,DPC,0.007288462958521769,0.10853309194126229,0.5782073813708261
wdbc,10,2,HIACSP-WF,KM,0.5908864401074575,0.4796998723919145,0.8857644991212654
wdbc,10,2,HIACSP-WF,AGG,0.4106625221132649,0.2996705094322923,0.8224956063268892
wdbc,10,2,HIACSP-WF,DPC,0.33898905968797427,0.24179280874909395,0.7926186291739895
wdbc,10,2,SEW-GSP,KM,0.7793273782053677,0.7005890475978879,0.9420035149384886
wdbc,10,2,SEW-GSP,AGG,0.7357044818030419,0.6593587715524568,0.929701230228471
wdbc,10,2,SEW-GSP,DPC,0.45019290996092304,0.44650462108474154,0.8400702987697716
wdbc,20,2,Raw,KM,0.7302553422550654,0.620640563258069,0.9279437609841827
wdbc,20,2,Raw,AGG,0.5629281941802073,0.4632662449678343,0.8769771528998243
wdbc,20,2,Raw,DPC,0.0004159645014988867,2.04789007127811e-05,0.5957820738137083
wdbc,20,2,HIBOG,KM,0.6291458866050096,0.5420756423992978,0.8980667838312829
wdbc,20,2,HIBOG,AGG,0.6291458866050096,0.542075642399298,0.8980667838312829
wdbc,20,2,HIBOG,DPC,-0.03194246621416446,0.03260641231657801,0.5553602811950791
wdbc,20,2,HIACSP,KM,0.6588107835346221,0.5476845532820848,0.9068541300527241
wdbc,20,2,HIACSP,AGG,0.6648615650948606,0.5490600528525398,0.9086115992970123
wdbc,20,2,HIACSP,DPC,0.01866504380435684,0.032394470074618285,0.5746924428822495
wdbc,20,2,HIACSP-WF,KM,0.44639153724358344,0.33951034057761265,0.836555360281195
wdbc,20,2,HIACSP-WF,AGG,0.13339686465703468,0.07830436229940813,0.687170474516696
wdbc,20,2,HIACSP-WF,DPC,0.0035117851982240256,0.0005876895620228416,0.5553602811950791
wdbc,20,2,SEW-GSP,KM,0.7856493910735913,0.7067644082034221,0.9437609841827768
wdbc,20,2,SEW-GSP,AGG,0.7987139217253685,0.6960593494021219,0.9472759226713533
wdbc,20,2,SEW-GSP,DPC,0.48079762394773917,0.4701505239835315,0.8506151142355008
wdbc,40,2,Raw,KM,0.7117617117896802,0.611785084371467,0.9226713532513181
wdbc,40,2,Raw,AGG,0.5324799920924561,0.41537368926803764,0.8664323374340949
wdbc,40,2,Raw,DPC,-0.011761469860168638,0.03269493809542621,0.5272407732864675
wdbc,40,2,HIBOG,KM,0.5622486810479835,0.47684194924652745,0.8769771528998243
wdbc,40,2,HIBOG,AGG,0.5759174944551548,0.4517116753663373,0.8804920913884007
wdbc,40,2,HIBOG,DPC,0.021297712783369806,0.0062300242358828955,0.5905096660808435
wdbc,40,2,HIACSP,KM,0.6235604641702848,0.5327851343033132,0.8963093145869947
wdbc,40,2,HIACSP,AGG,0.6243564314606292,0.513974666759233,0.8963093145869947
wdbc,40,2,HIACSP,DPC,-0.0020408505583729575,1.189885475875632e-05,0.5676625659050967
wdbc,40,2,HIACSP-WF,KM,0.2494430419408453,0.19540347386000256,0.7504393673110721
wdbc,40,2,HIACSP-WF,AGG,0.11065917187855144,0.06255906762803062,0.671353251318102
wdbc,40,2,HIACSP-WF,DPC,0.013086669137898767,0.002339192300325443,0.6098418277680141
wdbc,40,2,SEW-GSP,KM,0.8047511021471975,0.7257779859963679,0.9490333919156415
wdbc,40,2,SEW-GSP,AGG,0.6990792749004934,0.634676505763971,0.9191564147627417
wdbc,40,2,SEW-GSP,DPC,0.48079762394773917,0.4701505239835315,0.8506151142355008
