alg,method,unbalance,a2,s1,d31,statlog,digits,yeast,wdbc,ionosphere,ecoli,glass,sonar,wine,wine+N20,iris,iris+N20,Avg
AGG,HIACSP,100.0,96.1,99.0,95.2,56.9,80.2,18.2,81.2,17.7,60.6,19.4,1.3,94.7,72.7,73.2,56.1,63.9
AGG,HIACSP-WF,100.0,96.0,99.0,95.1,53.9,80.3,15.2,79.2,17.3,41.3,18.3,2.9,94.9,32.1,88.6,54.7,60.6
AGG,HIBOG,100.0,96.1,99.0,95.0,55.8,80.4,17.8,80.5,18.7,49.1,20.1,-0.3,93.1,64.4,71.8,50.6,62.0
AGG,Raw,100.0,93.4,98.3,92.0,53.8,77.7,14.5,53.8,18.7,39.9,15.9,-0.3,93.1,40.1,72.0,36.5,56.2
AGG,SEW-GSP,100.0,96.1,99.0,95.0,66.8,80.6,18.3,79.9,18.2,38.6,26.5,-0.4,94.9,93.3,90.4,85.1,67.6
DPC,HIACSP,100.0,96.4,99.0,95.0,66.6,81.2,23.3,79.9,27.9,70.4,23.5,5.3,94.7,69.8,90.4,54.0,67.3
DPC,HIACSP-WF,100.0,96.3,99.0,95.1,60.7,82.7,17.5,79.8,28.5,47.0,27.5,5.3,93.1,32.2,90.4,54.2,63.1
DPC,HIBOG,100.0,96.2,99.0,95.0,66.7,88.8,21.0,79.8,16.3,53.6,21.3,1.1,93.1,57.3,88.6,53.0,64.4
DPC,Raw,100.0,86.0,99.0,93.3,59.3,65.2,2.1,-0.5,-3.2,30.9,14.8,-0.4,67.2,23.0,72.0,21.9,45.7
DPC,SEW-GSP,100.0,96.3,99.0,95.5,61.5,82.1,18.2,79.2,18.5,51.0,34.3,3.2,91.5,89.9,90.4,90.4,68.8
KM,HIACSP,100.0,96.5,99.0,95.3,53.8,78.0,16.7,79.8,17.8,44.6,20.2,2.5,91.3,72.5,75.9,53.8,62.4
KM,HIACSP-WF,100.0,96.4,99.0,95.1,55.1,79.2,14.2,81.1,17.3,39.9,18.3,2.2,91.3,36.1,90.4,48.4,60.3
KM,HIBOG,100.0,96.2,99.0,95.2,54.2,78.6,17.7,78.6,17.8,50.2,20.7,1.1,91.5,67.1,92.2,51.0,63.2
KM,Raw,100.0,95.7,98.6,95.5,50.4,67.2,16.0,73.0,17.8,44.1,16.6,0.9,86.9,61.9,71.6,49.4,59.1
KM,SEW-GSP,100.0,96.4,99.0,95.2,55.7,78.0,16.2,79.8,17.8,42.3,26.7,1.3,89.9,88.4,90.4,86.8,66.5
